ISO-10303-21;
HEADER;
FILE_DESCRIPTION(('KiCad electronic assembly'),'2;1');
FILE_NAME('board-only.step','2026-09-22T13:59:43',('Pcbnew'),('Kicad'),
  'Open CASCADE STEP processor 7.9','KiCad to STEP converter','Unknown'
  );
FILE_SCHEMA(('AUTOMOTIVE_DESIGN { 1 0 10303 214 1 1 1 1 }'));
ENDSEC;
DATA;
#1 = APPLICATION_PROTOCOL_DEFINITION('international standard',
  'automotive_design',2000,#2);
#2 = APPLICATION_CONTEXT(
  'core data for automotive mechanical design processes');
#3 = SHAPE_DEFINITION_REPRESENTATION(#4,#10);
#4 = PRODUCT_DEFINITION_SHAPE('','',#5);
#5 = PRODUCT_DEFINITION('design','',#6,#9);
#6 = PRODUCT_DEFINITION_FORMATION('','',#7);
#7 = PRODUCT('board-only 1','board-only 1','',(#8));
#8 = PRODUCT_CONTEXT('',#2,'mechanical');
#9 = PRODUCT_DEFINITION_CONTEXT('part definition',#2,'design');
#10 = SHAPE_REPRESENTATION('',(#11,#15),#19);
#11 = AXIS2_PLACEMENT_3D('',#12,#13,#14);
#12 = CARTESIAN_POINT('',(0.,0.,0.));
#13 = DIRECTION('',(0.,0.,1.));
#14 = DIRECTION('',(1.,0.,-0.));
#15 = AXIS2_PLACEMENT_3D('',#16,#17,#18);
#16 = CARTESIAN_POINT('',(0.,0.,0.));
#17 = DIRECTION('',(0.,0.,1.));
#18 = DIRECTION('',(1.,0.,-0.));
#19 = ( GEOMETRIC_REPRESENTATION_CONTEXT(3) 
GLOBAL_UNCERTAINTY_ASSIGNED_CONTEXT((#23)) GLOBAL_UNIT_ASSIGNED_CONTEXT(
(#20,#21,#22)) REPRESENTATION_CONTEXT('Context #1',
  '3D Context with UNIT and UNCERTAINTY') );
#20 = ( LENGTH_UNIT() NAMED_UNIT(*) SI_UNIT(.MILLI.,.METRE.) );
#21 = ( NAMED_UNIT(*) PLANE_ANGLE_UNIT() SI_UNIT($,.RADIAN.) );
#22 = ( NAMED_UNIT(*) SI_UNIT($,.STERADIAN.) SOLID_ANGLE_UNIT() );
#23 = UNCERTAINTY_MEASURE_WITH_UNIT(LENGTH_MEASURE(1.E-07),#20,
  'distance_accuracy_value','confusion accuracy');
#24 = PRODUCT_RELATED_PRODUCT_CATEGORY('part',$,(#7));
#25 = SHAPE_DEFINITION_REPRESENTATION(#26,#32);
#26 = PRODUCT_DEFINITION_SHAPE('','',#27);
#27 = PRODUCT_DEFINITION('design','',#28,#31);
#28 = PRODUCT_DEFINITION_FORMATION('','',#29);
#29 = PRODUCT('windpcb_PCB','windpcb_PCB','',(#30));
#30 = PRODUCT_CONTEXT('',#2,'mechanical');
#31 = PRODUCT_DEFINITION_CONTEXT('part definition',#2,'design');
#32 = ADVANCED_BREP_SHAPE_REPRESENTATION('',(#11,#33),#2879);
#33 = MANIFOLD_SOLID_BREP('',#34);
#34 = CLOSED_SHELL('',(#35,#75,#106,#137,#890,#1643,#1655,#1672,#1689,
    #1706,#1723,#1740,#1757,#1774,#1791,#1808,#1825,#1842,#1859,#1876,
    #1893,#1910,#1927,#1944,#1961,#1978,#1995,#2012,#2029,#2046,#2063,
    #2080,#2097,#2114,#2136,#2153,#2170,#2182,#2204,#2221,#2238,#2250,
    #2272,#2289,#2306,#2318,#2335,#2352,#2374,#2391,#2408,#2420,#2442,
    #2459,#2476,#2488,#2505,#2522,#2544,#2561,#2578,#2590,#2612,#2629,
    #2646,#2658,#2675,#2692,#2709,#2726,#2743,#2760,#2777,#2794,#2811,
    #2828,#2845,#2862));
#35 = ADVANCED_FACE('',(#36),#70,.T.);
#36 = FACE_BOUND('',#37,.T.);
#37 = EDGE_LOOP('',(#38,#48,#56,#64));
#38 = ORIENTED_EDGE('',*,*,#39,.T.);
#39 = EDGE_CURVE('',#40,#42,#44,.T.);
#40 = VERTEX_POINT('',#41);
#41 = CARTESIAN_POINT('',(70.,-0.,0.));
#42 = VERTEX_POINT('',#43);
#43 = CARTESIAN_POINT('',(70.,0.,1.51));
#44 = LINE('',#45,#46);
#45 = CARTESIAN_POINT('',(70.,-0.,0.));
#46 = VECTOR('',#47,1.);
#47 = DIRECTION('',(0.,0.,1.));
#48 = ORIENTED_EDGE('',*,*,#49,.T.);
#49 = EDGE_CURVE('',#42,#50,#52,.T.);
#50 = VERTEX_POINT('',#51);
#51 = CARTESIAN_POINT('',(0.,0.,1.51));
#52 = LINE('',#53,#54);
#53 = CARTESIAN_POINT('',(70.,0.,1.51));
#54 = VECTOR('',#55,1.);
#55 = DIRECTION('',(-1.,0.,0.));
#56 = ORIENTED_EDGE('',*,*,#57,.F.);
#57 = EDGE_CURVE('',#58,#50,#60,.T.);
#58 = VERTEX_POINT('',#59);
#59 = CARTESIAN_POINT('',(0.,-0.,0.));
#60 = LINE('',#61,#62);
#61 = CARTESIAN_POINT('',(0.,-0.,0.));
#62 = VECTOR('',#63,1.);
#63 = DIRECTION('',(0.,0.,1.));
#64 = ORIENTED_EDGE('',*,*,#65,.F.);
#65 = EDGE_CURVE('',#40,#58,#66,.T.);
#66 = LINE('',#67,#68);
#67 = CARTESIAN_POINT('',(70.,-0.,0.));
#68 = VECTOR('',#69,1.);
#69 = DIRECTION('',(-1.,0.,0.));
#70 = PLANE('',#71);
#71 = AXIS2_PLACEMENT_3D('',#72,#73,#74);
#72 = CARTESIAN_POINT('',(70.,0.,0.));
#73 = DIRECTION('',(0.,-1.,0.));
#74 = DIRECTION('',(-1.,0.,0.));
#75 = ADVANCED_FACE('',(#76),#101,.T.);
#76 = FACE_BOUND('',#77,.T.);
#77 = EDGE_LOOP('',(#78,#88,#94,#95));
#78 = ORIENTED_EDGE('',*,*,#79,.T.);
#79 = EDGE_CURVE('',#80,#82,#84,.T.);
#80 = VERTEX_POINT('',#81);
#81 = CARTESIAN_POINT('',(70.,64.,0.));
#82 = VERTEX_POINT('',#83);
#83 = CARTESIAN_POINT('',(70.,64.,1.51));
#84 = LINE('',#85,#86);
#85 = CARTESIAN_POINT('',(70.,64.,0.));
#86 = VECTOR('',#87,1.);
#87 = DIRECTION('',(0.,0.,1.));
#88 = ORIENTED_EDGE('',*,*,#89,.T.);
#89 = EDGE_CURVE('',#82,#42,#90,.T.);
#90 = LINE('',#91,#92);
#91 = CARTESIAN_POINT('',(70.,64.,1.51));
#92 = VECTOR('',#93,1.);
#93 = DIRECTION('',(0.,-1.,0.));
#94 = ORIENTED_EDGE('',*,*,#39,.F.);
#95 = ORIENTED_EDGE('',*,*,#96,.F.);
#96 = EDGE_CURVE('',#80,#40,#97,.T.);
#97 = LINE('',#98,#99);
#98 = CARTESIAN_POINT('',(70.,64.,0.));
#99 = VECTOR('',#100,1.);
#100 = DIRECTION('',(0.,-1.,0.));
#101 = PLANE('',#102);
#102 = AXIS2_PLACEMENT_3D('',#103,#104,#105);
#103 = CARTESIAN_POINT('',(70.,64.,0.));
#104 = DIRECTION('',(1.,0.,-0.));
#105 = DIRECTION('',(0.,-1.,0.));
#106 = ADVANCED_FACE('',(#107),#132,.T.);
#107 = FACE_BOUND('',#108,.T.);
#108 = EDGE_LOOP('',(#109,#110,#118,#126));
#109 = ORIENTED_EDGE('',*,*,#57,.T.);
#110 = ORIENTED_EDGE('',*,*,#111,.T.);
#111 = EDGE_CURVE('',#50,#112,#114,.T.);
#112 = VERTEX_POINT('',#113);
#113 = CARTESIAN_POINT('',(0.,64.,1.51));
#114 = LINE('',#115,#116);
#115 = CARTESIAN_POINT('',(0.,0.,1.51));
#116 = VECTOR('',#117,1.);
#117 = DIRECTION('',(0.,1.,0.));
#118 = ORIENTED_EDGE('',*,*,#119,.F.);
#119 = EDGE_CURVE('',#120,#112,#122,.T.);
#120 = VERTEX_POINT('',#121);
#121 = CARTESIAN_POINT('',(0.,64.,0.));
#122 = LINE('',#123,#124);
#123 = CARTESIAN_POINT('',(0.,64.,0.));
#124 = VECTOR('',#125,1.);
#125 = DIRECTION('',(0.,0.,1.));
#126 = ORIENTED_EDGE('',*,*,#127,.F.);
#127 = EDGE_CURVE('',#58,#120,#128,.T.);
#128 = LINE('',#129,#130);
#129 = CARTESIAN_POINT('',(0.,-0.,0.));
#130 = VECTOR('',#131,1.);
#131 = DIRECTION('',(0.,1.,0.));
#132 = PLANE('',#133);
#133 = AXIS2_PLACEMENT_3D('',#134,#135,#136);
#134 = CARTESIAN_POINT('',(0.,0.,0.));
#135 = DIRECTION('',(-1.,0.,0.));
#136 = DIRECTION('',(0.,1.,0.));
#137 = ADVANCED_FACE('',(#138,#149,#160,#171,#182,#193,#204,#215,#226,
    #237,#248,#259,#270,#281,#292,#303,#314,#325,#336,#347,#358,#369,
    #380,#391,#402,#413,#424,#435,#446,#482,#518,#554,#565,#576,#612,
    #648,#659,#670,#706,#742,#753,#764,#775,#786,#797,#808,#819,#830,
    #841,#852,#863,#874),#885,.F.);
#138 = FACE_BOUND('',#139,.F.);
#139 = EDGE_LOOP('',(#140,#141,#142,#148));
#140 = ORIENTED_EDGE('',*,*,#65,.F.);
#141 = ORIENTED_EDGE('',*,*,#96,.F.);
#142 = ORIENTED_EDGE('',*,*,#143,.F.);
#143 = EDGE_CURVE('',#120,#80,#144,.T.);
#144 = LINE('',#145,#146);
#145 = CARTESIAN_POINT('',(0.,64.,0.));
#146 = VECTOR('',#147,1.);
#147 = DIRECTION('',(1.,0.,0.));
#148 = ORIENTED_EDGE('',*,*,#127,.F.);
#149 = FACE_BOUND('',#150,.F.);
#150 = EDGE_LOOP('',(#151));
#151 = ORIENTED_EDGE('',*,*,#152,.T.);
#152 = EDGE_CURVE('',#153,#153,#155,.T.);
#153 = VERTEX_POINT('',#154);
#154 = CARTESIAN_POINT('',(3.5,1.9,0.));
#155 = CIRCLE('',#156,1.6);
#156 = AXIS2_PLACEMENT_3D('',#157,#158,#159);
#157 = CARTESIAN_POINT('',(3.5,3.5,0.));
#158 = DIRECTION('',(-0.,0.,-1.));
#159 = DIRECTION('',(-0.,-1.,0.));
#160 = FACE_BOUND('',#161,.F.);
#161 = EDGE_LOOP('',(#162));
#162 = ORIENTED_EDGE('',*,*,#163,.T.);
#163 = EDGE_CURVE('',#164,#164,#166,.T.);
#164 = VERTEX_POINT('',#165);
#165 = CARTESIAN_POINT('',(6.,10.49,0.));
#166 = CIRCLE('',#167,0.51);
#167 = AXIS2_PLACEMENT_3D('',#168,#169,#170);
#168 = CARTESIAN_POINT('',(6.,11.,0.));
#169 = DIRECTION('',(-0.,0.,-1.));
#170 = DIRECTION('',(-0.,-1.,0.));
#171 = FACE_BOUND('',#172,.F.);
#172 = EDGE_LOOP('',(#173));
#173 = ORIENTED_EDGE('',*,*,#174,.T.);
#174 = EDGE_CURVE('',#175,#175,#177,.T.);
#175 = VERTEX_POINT('',#176);
#176 = CARTESIAN_POINT('',(8.54,10.49,0.));
#177 = CIRCLE('',#178,0.51);
#178 = AXIS2_PLACEMENT_3D('',#179,#180,#181);
#179 = CARTESIAN_POINT('',(8.54,11.,0.));
#180 = DIRECTION('',(-0.,0.,-1.));
#181 = DIRECTION('',(-0.,-1.,0.));
#182 = FACE_BOUND('',#183,.F.);
#183 = EDGE_LOOP('',(#184));
#184 = ORIENTED_EDGE('',*,*,#185,.T.);
#185 = EDGE_CURVE('',#186,#186,#188,.T.);
#186 = VERTEX_POINT('',#187);
#187 = CARTESIAN_POINT('',(11.08,10.49,0.));
#188 = CIRCLE('',#189,0.51);
#189 = AXIS2_PLACEMENT_3D('',#190,#191,#192);
#190 = CARTESIAN_POINT('',(11.08,11.,0.));
#191 = DIRECTION('',(-0.,0.,-1.));
#192 = DIRECTION('',(-0.,-1.,0.));
#193 = FACE_BOUND('',#194,.F.);
#194 = EDGE_LOOP('',(#195));
#195 = ORIENTED_EDGE('',*,*,#196,.T.);
#196 = EDGE_CURVE('',#197,#197,#199,.T.);
#197 = VERTEX_POINT('',#198);
#198 = CARTESIAN_POINT('',(13.62,10.49,0.));
#199 = CIRCLE('',#200,0.51);
#200 = AXIS2_PLACEMENT_3D('',#201,#202,#203);
#201 = CARTESIAN_POINT('',(13.62,11.,0.));
#202 = DIRECTION('',(-0.,0.,-1.));
#203 = DIRECTION('',(-3.483052626275E-15,-1.,0.));
#204 = FACE_BOUND('',#205,.F.);
#205 = EDGE_LOOP('',(#206));
#206 = ORIENTED_EDGE('',*,*,#207,.T.);
#207 = EDGE_CURVE('',#208,#208,#210,.T.);
#208 = VERTEX_POINT('',#209);
#209 = CARTESIAN_POINT('',(11.08,12.535,0.));
#210 = CIRCLE('',#211,0.625);
#211 = AXIS2_PLACEMENT_3D('',#212,#213,#214);
#212 = CARTESIAN_POINT('',(11.08,13.16,0.));
#213 = DIRECTION('',(-0.,0.,-1.));
#214 = DIRECTION('',(-0.,-1.,0.));
#215 = FACE_BOUND('',#216,.F.);
#216 = EDGE_LOOP('',(#217));
#217 = ORIENTED_EDGE('',*,*,#218,.T.);
#218 = EDGE_CURVE('',#219,#219,#221,.T.);
#219 = VERTEX_POINT('',#220);
#220 = CARTESIAN_POINT('',(21.,10.49,0.));
#221 = CIRCLE('',#222,0.51);
#222 = AXIS2_PLACEMENT_3D('',#223,#224,#225);
#223 = CARTESIAN_POINT('',(21.,11.,0.));
#224 = DIRECTION('',(-0.,0.,-1.));
#225 = DIRECTION('',(-0.,-1.,0.));
#226 = FACE_BOUND('',#227,.F.);
#227 = EDGE_LOOP('',(#228));
#228 = ORIENTED_EDGE('',*,*,#229,.T.);
#229 = EDGE_CURVE('',#230,#230,#232,.T.);
#230 = VERTEX_POINT('',#231);
#231 = CARTESIAN_POINT('',(23.54,10.49,0.));
#232 = CIRCLE('',#233,0.51);
#233 = AXIS2_PLACEMENT_3D('',#234,#235,#236);
#234 = CARTESIAN_POINT('',(23.54,11.,0.));
#235 = DIRECTION('',(-0.,0.,-1.));
#236 = DIRECTION('',(-0.,-1.,0.));
#237 = FACE_BOUND('',#238,.F.);
#238 = EDGE_LOOP('',(#239));
#239 = ORIENTED_EDGE('',*,*,#240,.T.);
#240 = EDGE_CURVE('',#241,#241,#243,.T.);
#241 = VERTEX_POINT('',#242);
#242 = CARTESIAN_POINT('',(26.08,10.49,0.));
#243 = CIRCLE('',#244,0.51);
#244 = AXIS2_PLACEMENT_3D('',#245,#246,#247);
#245 = CARTESIAN_POINT('',(26.08,11.,0.));
#246 = DIRECTION('',(-0.,0.,-1.));
#247 = DIRECTION('',(-0.,-1.,0.));
#248 = FACE_BOUND('',#249,.F.);
#249 = EDGE_LOOP('',(#250));
#250 = ORIENTED_EDGE('',*,*,#251,.T.);
#251 = EDGE_CURVE('',#252,#252,#254,.T.);
#252 = VERTEX_POINT('',#253);
#253 = CARTESIAN_POINT('',(26.08,12.535,0.));
#254 = CIRCLE('',#255,0.625);
#255 = AXIS2_PLACEMENT_3D('',#256,#257,#258);
#256 = CARTESIAN_POINT('',(26.08,13.16,0.));
#257 = DIRECTION('',(-0.,0.,-1.));
#258 = DIRECTION('',(-0.,-1.,0.));
#259 = FACE_BOUND('',#260,.F.);
#260 = EDGE_LOOP('',(#261));
#261 = ORIENTED_EDGE('',*,*,#262,.T.);
#262 = EDGE_CURVE('',#263,#263,#265,.T.);
#263 = VERTEX_POINT('',#264);
#264 = CARTESIAN_POINT('',(28.62,10.49,0.));
#265 = CIRCLE('',#266,0.51);
#266 = AXIS2_PLACEMENT_3D('',#267,#268,#269);
#267 = CARTESIAN_POINT('',(28.62,11.,0.));
#268 = DIRECTION('',(-0.,0.,-1.));
#269 = DIRECTION('',(6.96610525255E-15,-1.,-0.));
#270 = FACE_BOUND('',#271,.F.);
#271 = EDGE_LOOP('',(#272));
#272 = ORIENTED_EDGE('',*,*,#273,.T.);
#273 = EDGE_CURVE('',#274,#274,#276,.T.);
#274 = VERTEX_POINT('',#275);
#275 = CARTESIAN_POINT('',(6.,27.5,0.));
#276 = CIRCLE('',#277,0.5);
#277 = AXIS2_PLACEMENT_3D('',#278,#279,#280);
#278 = CARTESIAN_POINT('',(6.,28.,0.));
#279 = DIRECTION('',(-0.,0.,-1.));
#280 = DIRECTION('',(-0.,-1.,0.));
#281 = FACE_BOUND('',#282,.F.);
#282 = EDGE_LOOP('',(#283));
#283 = ORIENTED_EDGE('',*,*,#284,.T.);
#284 = EDGE_CURVE('',#285,#285,#287,.T.);
#285 = VERTEX_POINT('',#286);
#286 = CARTESIAN_POINT('',(11.,27.5,0.));
#287 = CIRCLE('',#288,0.5);
#288 = AXIS2_PLACEMENT_3D('',#289,#290,#291);
#289 = CARTESIAN_POINT('',(11.,28.,0.));
#290 = DIRECTION('',(-0.,0.,-1.));
#291 = DIRECTION('',(-0.,-1.,0.));
#292 = FACE_BOUND('',#293,.F.);
#293 = EDGE_LOOP('',(#294));
#294 = ORIENTED_EDGE('',*,*,#295,.T.);
#295 = EDGE_CURVE('',#296,#296,#298,.T.);
#296 = VERTEX_POINT('',#297);
#297 = CARTESIAN_POINT('',(36.,10.49,0.));
#298 = CIRCLE('',#299,0.51);
#299 = AXIS2_PLACEMENT_3D('',#300,#301,#302);
#300 = CARTESIAN_POINT('',(36.,11.,0.));
#301 = DIRECTION('',(-0.,0.,-1.));
#302 = DIRECTION('',(-0.,-1.,0.));
#303 = FACE_BOUND('',#304,.F.);
#304 = EDGE_LOOP('',(#305));
#305 = ORIENTED_EDGE('',*,*,#306,.T.);
#306 = EDGE_CURVE('',#307,#307,#309,.T.);
#307 = VERTEX_POINT('',#308);
#308 = CARTESIAN_POINT('',(38.54,10.49,0.));
#309 = CIRCLE('',#310,0.51);
#310 = AXIS2_PLACEMENT_3D('',#311,#312,#313);
#311 = CARTESIAN_POINT('',(38.54,11.,0.));
#312 = DIRECTION('',(-0.,0.,-1.));
#313 = DIRECTION('',(-0.,-1.,0.));
#314 = FACE_BOUND('',#315,.F.);
#315 = EDGE_LOOP('',(#316));
#316 = ORIENTED_EDGE('',*,*,#317,.T.);
#317 = EDGE_CURVE('',#318,#318,#320,.T.);
#318 = VERTEX_POINT('',#319);
#319 = CARTESIAN_POINT('',(41.08,10.49,0.));
#320 = CIRCLE('',#321,0.51);
#321 = AXIS2_PLACEMENT_3D('',#322,#323,#324);
#322 = CARTESIAN_POINT('',(41.08,11.,0.));
#323 = DIRECTION('',(-0.,0.,-1.));
#324 = DIRECTION('',(-0.,-1.,0.));
#325 = FACE_BOUND('',#326,.F.);
#326 = EDGE_LOOP('',(#327));
#327 = ORIENTED_EDGE('',*,*,#328,.T.);
#328 = EDGE_CURVE('',#329,#329,#331,.T.);
#329 = VERTEX_POINT('',#330);
#330 = CARTESIAN_POINT('',(41.08,12.535,0.));
#331 = CIRCLE('',#332,0.625);
#332 = AXIS2_PLACEMENT_3D('',#333,#334,#335);
#333 = CARTESIAN_POINT('',(41.08,13.16,0.));
#334 = DIRECTION('',(-0.,0.,-1.));
#335 = DIRECTION('',(-0.,-1.,0.));
#336 = FACE_BOUND('',#337,.F.);
#337 = EDGE_LOOP('',(#338));
#338 = ORIENTED_EDGE('',*,*,#339,.T.);
#339 = EDGE_CURVE('',#340,#340,#342,.T.);
#340 = VERTEX_POINT('',#341);
#341 = CARTESIAN_POINT('',(43.62,10.49,0.));
#342 = CIRCLE('',#343,0.51);
#343 = AXIS2_PLACEMENT_3D('',#344,#345,#346);
#344 = CARTESIAN_POINT('',(43.62,11.,0.));
#345 = DIRECTION('',(-0.,0.,-1.));
#346 = DIRECTION('',(-1.39322105051E-14,-1.,0.));
#347 = FACE_BOUND('',#348,.F.);
#348 = EDGE_LOOP('',(#349));
#349 = ORIENTED_EDGE('',*,*,#350,.T.);
#350 = EDGE_CURVE('',#351,#351,#353,.T.);
#351 = VERTEX_POINT('',#352);
#352 = CARTESIAN_POINT('',(51.,10.49,0.));
#353 = CIRCLE('',#354,0.51);
#354 = AXIS2_PLACEMENT_3D('',#355,#356,#357);
#355 = CARTESIAN_POINT('',(51.,11.,0.));
#356 = DIRECTION('',(-0.,0.,-1.));
#357 = DIRECTION('',(-0.,-1.,0.));
#358 = FACE_BOUND('',#359,.F.);
#359 = EDGE_LOOP('',(#360));
#360 = ORIENTED_EDGE('',*,*,#361,.T.);
#361 = EDGE_CURVE('',#362,#362,#364,.T.);
#362 = VERTEX_POINT('',#363);
#363 = CARTESIAN_POINT('',(60.,2.924,0.));
#364 = CIRCLE('',#365,0.576);
#365 = AXIS2_PLACEMENT_3D('',#366,#367,#368);
#366 = CARTESIAN_POINT('',(60.,3.5,0.));
#367 = DIRECTION('',(-0.,0.,-1.));
#368 = DIRECTION('',(-0.,-1.,0.));
#369 = FACE_BOUND('',#370,.F.);
#370 = EDGE_LOOP('',(#371));
#371 = ORIENTED_EDGE('',*,*,#372,.T.);
#372 = EDGE_CURVE('',#373,#373,#375,.T.);
#373 = VERTEX_POINT('',#374);
#374 = CARTESIAN_POINT('',(66.5,1.9,0.));
#375 = CIRCLE('',#376,1.6);
#376 = AXIS2_PLACEMENT_3D('',#377,#378,#379);
#377 = CARTESIAN_POINT('',(66.5,3.5,0.));
#378 = DIRECTION('',(-0.,0.,-1.));
#379 = DIRECTION('',(-0.,-1.,0.));
#380 = FACE_BOUND('',#381,.F.);
#381 = EDGE_LOOP('',(#382));
#382 = ORIENTED_EDGE('',*,*,#383,.T.);
#383 = EDGE_CURVE('',#384,#384,#386,.T.);
#384 = VERTEX_POINT('',#385);
#385 = CARTESIAN_POINT('',(53.54,10.49,0.));
#386 = CIRCLE('',#387,0.51);
#387 = AXIS2_PLACEMENT_3D('',#388,#389,#390);
#388 = CARTESIAN_POINT('',(53.54,11.,0.));
#389 = DIRECTION('',(-0.,0.,-1.));
#390 = DIRECTION('',(-0.,-1.,0.));
#391 = FACE_BOUND('',#392,.F.);
#392 = EDGE_LOOP('',(#393));
#393 = ORIENTED_EDGE('',*,*,#394,.T.);
#394 = EDGE_CURVE('',#395,#395,#397,.T.);
#395 = VERTEX_POINT('',#396);
#396 = CARTESIAN_POINT('',(56.08,10.49,0.));
#397 = CIRCLE('',#398,0.51);
#398 = AXIS2_PLACEMENT_3D('',#399,#400,#401);
#399 = CARTESIAN_POINT('',(56.08,11.,0.));
#400 = DIRECTION('',(-0.,0.,-1.));
#401 = DIRECTION('',(-0.,-1.,0.));
#402 = FACE_BOUND('',#403,.F.);
#403 = EDGE_LOOP('',(#404));
#404 = ORIENTED_EDGE('',*,*,#405,.T.);
#405 = EDGE_CURVE('',#406,#406,#408,.T.);
#406 = VERTEX_POINT('',#407);
#407 = CARTESIAN_POINT('',(58.62,10.49,0.));
#408 = CIRCLE('',#409,0.51);
#409 = AXIS2_PLACEMENT_3D('',#410,#411,#412);
#410 = CARTESIAN_POINT('',(58.62,11.,0.));
#411 = DIRECTION('',(-0.,0.,-1.));
#412 = DIRECTION('',(-1.39322105051E-14,-1.,0.));
#413 = FACE_BOUND('',#414,.F.);
#414 = EDGE_LOOP('',(#415));
#415 = ORIENTED_EDGE('',*,*,#416,.T.);
#416 = EDGE_CURVE('',#417,#417,#419,.T.);
#417 = VERTEX_POINT('',#418);
#418 = CARTESIAN_POINT('',(56.08,12.535,0.));
#419 = CIRCLE('',#420,0.625);
#420 = AXIS2_PLACEMENT_3D('',#421,#422,#423);
#421 = CARTESIAN_POINT('',(56.08,13.16,0.));
#422 = DIRECTION('',(-0.,0.,-1.));
#423 = DIRECTION('',(-0.,-1.,0.));
#424 = FACE_BOUND('',#425,.F.);
#425 = EDGE_LOOP('',(#426));
#426 = ORIENTED_EDGE('',*,*,#427,.T.);
#427 = EDGE_CURVE('',#428,#428,#430,.T.);
#428 = VERTEX_POINT('',#429);
#429 = CARTESIAN_POINT('',(7.,37.6,0.));
#430 = CIRCLE('',#431,0.4);
#431 = AXIS2_PLACEMENT_3D('',#432,#433,#434);
#432 = CARTESIAN_POINT('',(7.,38.,0.));
#433 = DIRECTION('',(-0.,0.,-1.));
#434 = DIRECTION('',(-0.,-1.,0.));
#435 = FACE_BOUND('',#436,.F.);
#436 = EDGE_LOOP('',(#437));
#437 = ORIENTED_EDGE('',*,*,#438,.T.);
#438 = EDGE_CURVE('',#439,#439,#441,.T.);
#439 = VERTEX_POINT('',#440);
#440 = CARTESIAN_POINT('',(9.5,37.6,0.));
#441 = CIRCLE('',#442,0.4);
#442 = AXIS2_PLACEMENT_3D('',#443,#444,#445);
#443 = CARTESIAN_POINT('',(9.5,38.,0.));
#444 = DIRECTION('',(-0.,0.,-1.));
#445 = DIRECTION('',(-0.,-1.,0.));
#446 = FACE_BOUND('',#447,.F.);
#447 = EDGE_LOOP('',(#448,#459,#467,#476));
#448 = ORIENTED_EDGE('',*,*,#449,.T.);
#449 = EDGE_CURVE('',#450,#452,#454,.T.);
#450 = VERTEX_POINT('',#451);
#451 = CARTESIAN_POINT('',(10.2,43.8,0.));
#452 = VERTEX_POINT('',#453);
#453 = CARTESIAN_POINT('',(10.2,44.8,0.));
#454 = CIRCLE('',#455,0.5);
#455 = AXIS2_PLACEMENT_3D('',#456,#457,#458);
#456 = CARTESIAN_POINT('',(10.2,44.3,0.));
#457 = DIRECTION('',(-0.,0.,-1.));
#458 = DIRECTION('',(0.,1.,0.));
#459 = ORIENTED_EDGE('',*,*,#460,.T.);
#460 = EDGE_CURVE('',#452,#461,#463,.T.);
#461 = VERTEX_POINT('',#462);
#462 = CARTESIAN_POINT('',(12.2,44.8,0.));
#463 = LINE('',#464,#465);
#464 = CARTESIAN_POINT('',(6.1,44.8,0.));
#465 = VECTOR('',#466,1.);
#466 = DIRECTION('',(1.,0.,-0.));
#467 = ORIENTED_EDGE('',*,*,#468,.T.);
#468 = EDGE_CURVE('',#461,#469,#471,.T.);
#469 = VERTEX_POINT('',#470);
#470 = CARTESIAN_POINT('',(12.2,43.8,0.));
#471 = CIRCLE('',#472,0.5);
#472 = AXIS2_PLACEMENT_3D('',#473,#474,#475);
#473 = CARTESIAN_POINT('',(12.2,44.3,0.));
#474 = DIRECTION('',(-0.,0.,-1.));
#475 = DIRECTION('',(-0.,-1.,0.));
#476 = ORIENTED_EDGE('',*,*,#477,.T.);
#477 = EDGE_CURVE('',#469,#450,#478,.T.);
#478 = LINE('',#479,#480);
#479 = CARTESIAN_POINT('',(5.1,43.8,0.));
#480 = VECTOR('',#481,1.);
#481 = DIRECTION('',(-1.,0.,0.));
#482 = FACE_BOUND('',#483,.F.);
#483 = EDGE_LOOP('',(#484,#495,#503,#512));
#484 = ORIENTED_EDGE('',*,*,#485,.T.);
#485 = EDGE_CURVE('',#486,#488,#490,.T.);
#486 = VERTEX_POINT('',#487);
#487 = CARTESIAN_POINT('',(8.7,48.,0.));
#488 = VERTEX_POINT('',#489);
#489 = CARTESIAN_POINT('',(7.7,48.,0.));
#490 = CIRCLE('',#491,0.5);
#491 = AXIS2_PLACEMENT_3D('',#492,#493,#494);
#492 = CARTESIAN_POINT('',(8.2,48.,0.));
#493 = DIRECTION('',(-0.,0.,-1.));
#494 = DIRECTION('',(-1.,0.,0.));
#495 = ORIENTED_EDGE('',*,*,#496,.T.);
#496 = EDGE_CURVE('',#488,#497,#499,.T.);
#497 = VERTEX_POINT('',#498);
#498 = CARTESIAN_POINT('',(7.7,50.,0.));
#499 = LINE('',#500,#501);
#500 = CARTESIAN_POINT('',(7.7,25.,0.));
#501 = VECTOR('',#502,1.);
#502 = DIRECTION('',(-0.,1.,0.));
#503 = ORIENTED_EDGE('',*,*,#504,.T.);
#504 = EDGE_CURVE('',#497,#505,#507,.T.);
#505 = VERTEX_POINT('',#506);
#506 = CARTESIAN_POINT('',(8.7,50.,0.));
#507 = CIRCLE('',#508,0.5);
#508 = AXIS2_PLACEMENT_3D('',#509,#510,#511);
#509 = CARTESIAN_POINT('',(8.2,50.,0.));
#510 = DIRECTION('',(0.,-0.,-1.));
#511 = DIRECTION('',(1.,0.,-0.));
#512 = ORIENTED_EDGE('',*,*,#513,.T.);
#513 = EDGE_CURVE('',#505,#486,#514,.T.);
#514 = LINE('',#515,#516);
#515 = CARTESIAN_POINT('',(8.7,24.,0.));
#516 = VECTOR('',#517,1.);
#517 = DIRECTION('',(0.,-1.,0.));
#518 = FACE_BOUND('',#519,.F.);
#519 = EDGE_LOOP('',(#520,#531,#539,#548));
#520 = ORIENTED_EDGE('',*,*,#521,.T.);
#521 = EDGE_CURVE('',#522,#524,#526,.T.);
#522 = VERTEX_POINT('',#523);
#523 = CARTESIAN_POINT('',(14.7,47.75,0.));
#524 = VERTEX_POINT('',#525);
#525 = CARTESIAN_POINT('',(13.7,47.75,0.));
#526 = CIRCLE('',#527,0.5);
#527 = AXIS2_PLACEMENT_3D('',#528,#529,#530);
#528 = CARTESIAN_POINT('',(14.2,47.75,0.));
#529 = DIRECTION('',(-0.,0.,-1.));
#530 = DIRECTION('',(-1.,0.,0.));
#531 = ORIENTED_EDGE('',*,*,#532,.T.);
#532 = EDGE_CURVE('',#524,#533,#535,.T.);
#533 = VERTEX_POINT('',#534);
#534 = CARTESIAN_POINT('',(13.7,50.25,0.));
#535 = LINE('',#536,#537);
#536 = CARTESIAN_POINT('',(13.7,25.125,0.));
#537 = VECTOR('',#538,1.);
#538 = DIRECTION('',(-0.,1.,0.));
#539 = ORIENTED_EDGE('',*,*,#540,.T.);
#540 = EDGE_CURVE('',#533,#541,#543,.T.);
#541 = VERTEX_POINT('',#542);
#542 = CARTESIAN_POINT('',(14.7,50.25,0.));
#543 = CIRCLE('',#544,0.5);
#544 = AXIS2_PLACEMENT_3D('',#545,#546,#547);
#545 = CARTESIAN_POINT('',(14.2,50.25,0.));
#546 = DIRECTION('',(0.,-0.,-1.));
#547 = DIRECTION('',(1.,0.,-0.));
#548 = ORIENTED_EDGE('',*,*,#549,.T.);
#549 = EDGE_CURVE('',#541,#522,#550,.T.);
#550 = LINE('',#551,#552);
#551 = CARTESIAN_POINT('',(14.7,23.875,0.));
#552 = VECTOR('',#553,1.);
#553 = DIRECTION('',(0.,-1.,0.));
#554 = FACE_BOUND('',#555,.F.);
#555 = EDGE_LOOP('',(#556));
#556 = ORIENTED_EDGE('',*,*,#557,.T.);
#557 = EDGE_CURVE('',#558,#558,#560,.T.);
#558 = VERTEX_POINT('',#559);
#559 = CARTESIAN_POINT('',(3.5,58.9,0.));
#560 = CIRCLE('',#561,1.6);
#561 = AXIS2_PLACEMENT_3D('',#562,#563,#564);
#562 = CARTESIAN_POINT('',(3.5,60.5,0.));
#563 = DIRECTION('',(-0.,0.,-1.));
#564 = DIRECTION('',(-0.,-1.,0.));
#565 = FACE_BOUND('',#566,.F.);
#566 = EDGE_LOOP('',(#567));
#567 = ORIENTED_EDGE('',*,*,#568,.T.);
#568 = EDGE_CURVE('',#569,#569,#571,.T.);
#569 = VERTEX_POINT('',#570);
#570 = CARTESIAN_POINT('',(10.,59.924,0.));
#571 = CIRCLE('',#572,0.576);
#572 = AXIS2_PLACEMENT_3D('',#573,#574,#575);
#573 = CARTESIAN_POINT('',(10.,60.5,0.));
#574 = DIRECTION('',(-0.,0.,-1.));
#575 = DIRECTION('',(-0.,-1.,0.));
#576 = FACE_BOUND('',#577,.F.);
#577 = EDGE_LOOP('',(#578,#589,#597,#606));
#578 = ORIENTED_EDGE('',*,*,#579,.T.);
#579 = EDGE_CURVE('',#580,#582,#584,.T.);
#580 = VERTEX_POINT('',#581);
#581 = CARTESIAN_POINT('',(64.22,35.98,0.));
#582 = VERTEX_POINT('',#583);
#583 = CARTESIAN_POINT('',(64.22,35.38,0.));
#584 = CIRCLE('',#585,0.3);
#585 = AXIS2_PLACEMENT_3D('',#586,#587,#588);
#586 = CARTESIAN_POINT('',(64.22,35.68,0.));
#587 = DIRECTION('',(-0.,0.,-1.));
#588 = DIRECTION('',(-0.,-1.,0.));
#589 = ORIENTED_EDGE('',*,*,#590,.T.);
#590 = EDGE_CURVE('',#582,#591,#593,.T.);
#591 = VERTEX_POINT('',#592);
#592 = CARTESIAN_POINT('',(63.12,35.38,0.));
#593 = LINE('',#594,#595);
#594 = CARTESIAN_POINT('',(31.56,35.38,0.));
#595 = VECTOR('',#596,1.);
#596 = DIRECTION('',(-1.,0.,0.));
#597 = ORIENTED_EDGE('',*,*,#598,.T.);
#598 = EDGE_CURVE('',#591,#599,#601,.T.);
#599 = VERTEX_POINT('',#600);
#600 = CARTESIAN_POINT('',(63.12,35.98,0.));
#601 = CIRCLE('',#602,0.3);
#602 = AXIS2_PLACEMENT_3D('',#603,#604,#605);
#603 = CARTESIAN_POINT('',(63.12,35.68,0.));
#604 = DIRECTION('',(-0.,0.,-1.));
#605 = DIRECTION('',(0.,1.,0.));
#606 = ORIENTED_EDGE('',*,*,#607,.T.);
#607 = EDGE_CURVE('',#599,#580,#608,.T.);
#608 = LINE('',#609,#610);
#609 = CARTESIAN_POINT('',(32.11,35.98,0.));
#610 = VECTOR('',#611,1.);
#611 = DIRECTION('',(1.,0.,-0.));
#612 = FACE_BOUND('',#613,.F.);
#613 = EDGE_LOOP('',(#614,#625,#633,#642));
#614 = ORIENTED_EDGE('',*,*,#615,.T.);
#615 = EDGE_CURVE('',#616,#618,#620,.T.);
#616 = VERTEX_POINT('',#617);
#617 = CARTESIAN_POINT('',(68.15,35.98,0.));
#618 = VERTEX_POINT('',#619);
#619 = CARTESIAN_POINT('',(68.15,35.38,0.));
#620 = CIRCLE('',#621,0.3);
#621 = AXIS2_PLACEMENT_3D('',#622,#623,#624);
#622 = CARTESIAN_POINT('',(68.15,35.68,0.));
#623 = DIRECTION('',(-0.,0.,-1.));
#624 = DIRECTION('',(-0.,-1.,0.));
#625 = ORIENTED_EDGE('',*,*,#626,.T.);
#626 = EDGE_CURVE('',#618,#627,#629,.T.);
#627 = VERTEX_POINT('',#628);
#628 = CARTESIAN_POINT('',(67.55,35.38,0.));
#629 = LINE('',#630,#631);
#630 = CARTESIAN_POINT('',(33.775,35.38,0.));
#631 = VECTOR('',#632,1.);
#632 = DIRECTION('',(-1.,0.,0.));
#633 = ORIENTED_EDGE('',*,*,#634,.T.);
#634 = EDGE_CURVE('',#627,#635,#637,.T.);
#635 = VERTEX_POINT('',#636);
#636 = CARTESIAN_POINT('',(67.55,35.98,0.));
#637 = CIRCLE('',#638,0.3);
#638 = AXIS2_PLACEMENT_3D('',#639,#640,#641);
#639 = CARTESIAN_POINT('',(67.55,35.68,0.));
#640 = DIRECTION('',(-0.,0.,-1.));
#641 = DIRECTION('',(-4.736951571734E-14,1.,0.));
#642 = ORIENTED_EDGE('',*,*,#643,.T.);
#643 = EDGE_CURVE('',#635,#616,#644,.T.);
#644 = LINE('',#645,#646);
#645 = CARTESIAN_POINT('',(34.075,35.98,0.));
#646 = VECTOR('',#647,1.);
#647 = DIRECTION('',(1.,0.,-0.));
#648 = FACE_BOUND('',#649,.F.);
#649 = EDGE_LOOP('',(#650));
#650 = ORIENTED_EDGE('',*,*,#651,.T.);
#651 = EDGE_CURVE('',#652,#652,#654,.T.);
#652 = VERTEX_POINT('',#653);
#653 = CARTESIAN_POINT('',(64.2,36.785,0.));
#654 = CIRCLE('',#655,0.325);
#655 = AXIS2_PLACEMENT_3D('',#656,#657,#658);
#656 = CARTESIAN_POINT('',(64.2,37.11,0.));
#657 = DIRECTION('',(-0.,0.,-1.));
#658 = DIRECTION('',(-0.,-1.,0.));
#659 = FACE_BOUND('',#660,.F.);
#660 = EDGE_LOOP('',(#661));
#661 = ORIENTED_EDGE('',*,*,#662,.T.);
#662 = EDGE_CURVE('',#663,#663,#665,.T.);
#663 = VERTEX_POINT('',#664);
#664 = CARTESIAN_POINT('',(64.2,42.565,0.));
#665 = CIRCLE('',#666,0.325);
#666 = AXIS2_PLACEMENT_3D('',#667,#668,#669);
#667 = CARTESIAN_POINT('',(64.2,42.89,0.));
#668 = DIRECTION('',(-0.,0.,-1.));
#669 = DIRECTION('',(-0.,-1.,0.));
#670 = FACE_BOUND('',#671,.F.);
#671 = EDGE_LOOP('',(#672,#683,#691,#700));
#672 = ORIENTED_EDGE('',*,*,#673,.T.);
#673 = EDGE_CURVE('',#674,#676,#678,.T.);
#674 = VERTEX_POINT('',#675);
#675 = CARTESIAN_POINT('',(64.22,44.62,0.));
#676 = VERTEX_POINT('',#677);
#677 = CARTESIAN_POINT('',(64.22,44.02,0.));
#678 = CIRCLE('',#679,0.3);
#679 = AXIS2_PLACEMENT_3D('',#680,#681,#682);
#680 = CARTESIAN_POINT('',(64.22,44.32,0.));
#681 = DIRECTION('',(-0.,0.,-1.));
#682 = DIRECTION('',(-0.,-1.,0.));
#683 = ORIENTED_EDGE('',*,*,#684,.T.);
#684 = EDGE_CURVE('',#676,#685,#687,.T.);
#685 = VERTEX_POINT('',#686);
#686 = CARTESIAN_POINT('',(63.12,44.02,0.));
#687 = LINE('',#688,#689);
#688 = CARTESIAN_POINT('',(31.56,44.02,0.));
#689 = VECTOR('',#690,1.);
#690 = DIRECTION('',(-1.,0.,0.));
#691 = ORIENTED_EDGE('',*,*,#692,.T.);
#692 = EDGE_CURVE('',#685,#693,#695,.T.);
#693 = VERTEX_POINT('',#694);
#694 = CARTESIAN_POINT('',(63.12,44.62,0.));
#695 = CIRCLE('',#696,0.3);
#696 = AXIS2_PLACEMENT_3D('',#697,#698,#699);
#697 = CARTESIAN_POINT('',(63.12,44.32,0.));
#698 = DIRECTION('',(-0.,0.,-1.));
#699 = DIRECTION('',(0.,1.,0.));
#700 = ORIENTED_EDGE('',*,*,#701,.T.);
#701 = EDGE_CURVE('',#693,#674,#702,.T.);
#702 = LINE('',#703,#704);
#703 = CARTESIAN_POINT('',(32.11,44.62,0.));
#704 = VECTOR('',#705,1.);
#705 = DIRECTION('',(1.,0.,-0.));
#706 = FACE_BOUND('',#707,.F.);
#707 = EDGE_LOOP('',(#708,#719,#727,#736));
#708 = ORIENTED_EDGE('',*,*,#709,.T.);
#709 = EDGE_CURVE('',#710,#712,#714,.T.);
#710 = VERTEX_POINT('',#711);
#711 = CARTESIAN_POINT('',(68.15,44.62,0.));
#712 = VERTEX_POINT('',#713);
#713 = CARTESIAN_POINT('',(68.15,44.02,0.));
#714 = CIRCLE('',#715,0.3);
#715 = AXIS2_PLACEMENT_3D('',#716,#717,#718);
#716 = CARTESIAN_POINT('',(68.15,44.32,0.));
#717 = DIRECTION('',(-0.,0.,-1.));
#718 = DIRECTION('',(-0.,-1.,0.));
#719 = ORIENTED_EDGE('',*,*,#720,.T.);
#720 = EDGE_CURVE('',#712,#721,#723,.T.);
#721 = VERTEX_POINT('',#722);
#722 = CARTESIAN_POINT('',(67.55,44.02,0.));
#723 = LINE('',#724,#725);
#724 = CARTESIAN_POINT('',(33.775,44.02,0.));
#725 = VECTOR('',#726,1.);
#726 = DIRECTION('',(-1.,0.,0.));
#727 = ORIENTED_EDGE('',*,*,#728,.T.);
#728 = EDGE_CURVE('',#721,#729,#731,.T.);
#729 = VERTEX_POINT('',#730);
#730 = CARTESIAN_POINT('',(67.55,44.62,0.));
#731 = CIRCLE('',#732,0.3);
#732 = AXIS2_PLACEMENT_3D('',#733,#734,#735);
#733 = CARTESIAN_POINT('',(67.55,44.32,0.));
#734 = DIRECTION('',(-0.,0.,-1.));
#735 = DIRECTION('',(-4.736951571734E-14,1.,0.));
#736 = ORIENTED_EDGE('',*,*,#737,.T.);
#737 = EDGE_CURVE('',#729,#710,#738,.T.);
#738 = LINE('',#739,#740);
#739 = CARTESIAN_POINT('',(34.075,44.62,0.));
#740 = VECTOR('',#741,1.);
#741 = DIRECTION('',(1.,0.,-0.));
#742 = FACE_BOUND('',#743,.F.);
#743 = EDGE_LOOP('',(#744));
#744 = ORIENTED_EDGE('',*,*,#745,.T.);
#745 = EDGE_CURVE('',#746,#746,#748,.T.);
#746 = VERTEX_POINT('',#747);
#747 = CARTESIAN_POINT('',(43.41,47.55,0.));
#748 = CIRCLE('',#749,0.15);
#749 = AXIS2_PLACEMENT_3D('',#750,#751,#752);
#750 = CARTESIAN_POINT('',(43.41,47.7,0.));
#751 = DIRECTION('',(-0.,0.,-1.));
#752 = DIRECTION('',(-0.,-1.,0.));
#753 = FACE_BOUND('',#754,.F.);
#754 = EDGE_LOOP('',(#755));
#755 = ORIENTED_EDGE('',*,*,#756,.T.);
#756 = EDGE_CURVE('',#757,#757,#759,.T.);
#757 = VERTEX_POINT('',#758);
#758 = CARTESIAN_POINT('',(42.86,48.1,0.));
#759 = CIRCLE('',#760,0.15);
#760 = AXIS2_PLACEMENT_3D('',#761,#762,#763);
#761 = CARTESIAN_POINT('',(42.86,48.25,0.));
#762 = DIRECTION('',(-0.,0.,-1.));
#763 = DIRECTION('',(-0.,-1.,0.));
#764 = FACE_BOUND('',#765,.F.);
#765 = EDGE_LOOP('',(#766));
#766 = ORIENTED_EDGE('',*,*,#767,.T.);
#767 = EDGE_CURVE('',#768,#768,#770,.T.);
#768 = VERTEX_POINT('',#769);
#769 = CARTESIAN_POINT('',(43.41,48.65,0.));
#770 = CIRCLE('',#771,0.15);
#771 = AXIS2_PLACEMENT_3D('',#772,#773,#774);
#772 = CARTESIAN_POINT('',(43.41,48.8,0.));
#773 = DIRECTION('',(-0.,0.,-1.));
#774 = DIRECTION('',(-0.,-1.,0.));
#775 = FACE_BOUND('',#776,.F.);
#776 = EDGE_LOOP('',(#777));
#777 = ORIENTED_EDGE('',*,*,#778,.T.);
#778 = EDGE_CURVE('',#779,#779,#781,.T.);
#779 = VERTEX_POINT('',#780);
#780 = CARTESIAN_POINT('',(42.86,49.2,0.));
#781 = CIRCLE('',#782,0.15);
#782 = AXIS2_PLACEMENT_3D('',#783,#784,#785);
#783 = CARTESIAN_POINT('',(42.86,49.35,0.));
#784 = DIRECTION('',(-0.,0.,-1.));
#785 = DIRECTION('',(-0.,-1.,0.));
#786 = FACE_BOUND('',#787,.F.);
#787 = EDGE_LOOP('',(#788));
#788 = ORIENTED_EDGE('',*,*,#789,.T.);
#789 = EDGE_CURVE('',#790,#790,#792,.T.);
#790 = VERTEX_POINT('',#791);
#791 = CARTESIAN_POINT('',(43.41,49.75,0.));
#792 = CIRCLE('',#793,0.15);
#793 = AXIS2_PLACEMENT_3D('',#794,#795,#796);
#794 = CARTESIAN_POINT('',(43.41,49.9,0.));
#795 = DIRECTION('',(-0.,0.,-1.));
#796 = DIRECTION('',(-0.,-1.,0.));
#797 = FACE_BOUND('',#798,.F.);
#798 = EDGE_LOOP('',(#799));
#799 = ORIENTED_EDGE('',*,*,#800,.T.);
#800 = EDGE_CURVE('',#801,#801,#803,.T.);
#801 = VERTEX_POINT('',#802);
#802 = CARTESIAN_POINT('',(44.51,47.55,0.));
#803 = CIRCLE('',#804,0.15);
#804 = AXIS2_PLACEMENT_3D('',#805,#806,#807);
#805 = CARTESIAN_POINT('',(44.51,47.7,0.));
#806 = DIRECTION('',(-0.,0.,-1.));
#807 = DIRECTION('',(-0.,-1.,0.));
#808 = FACE_BOUND('',#809,.F.);
#809 = EDGE_LOOP('',(#810));
#810 = ORIENTED_EDGE('',*,*,#811,.T.);
#811 = EDGE_CURVE('',#812,#812,#814,.T.);
#812 = VERTEX_POINT('',#813);
#813 = CARTESIAN_POINT('',(43.96,48.1,0.));
#814 = CIRCLE('',#815,0.15);
#815 = AXIS2_PLACEMENT_3D('',#816,#817,#818);
#816 = CARTESIAN_POINT('',(43.96,48.25,0.));
#817 = DIRECTION('',(-0.,0.,-1.));
#818 = DIRECTION('',(-0.,-1.,0.));
#819 = FACE_BOUND('',#820,.F.);
#820 = EDGE_LOOP('',(#821));
#821 = ORIENTED_EDGE('',*,*,#822,.T.);
#822 = EDGE_CURVE('',#823,#823,#825,.T.);
#823 = VERTEX_POINT('',#824);
#824 = CARTESIAN_POINT('',(44.51,48.65,0.));
#825 = CIRCLE('',#826,0.15);
#826 = AXIS2_PLACEMENT_3D('',#827,#828,#829);
#827 = CARTESIAN_POINT('',(44.51,48.8,0.));
#828 = DIRECTION('',(-0.,0.,-1.));
#829 = DIRECTION('',(-0.,-1.,0.));
#830 = FACE_BOUND('',#831,.F.);
#831 = EDGE_LOOP('',(#832));
#832 = ORIENTED_EDGE('',*,*,#833,.T.);
#833 = EDGE_CURVE('',#834,#834,#836,.T.);
#834 = VERTEX_POINT('',#835);
#835 = CARTESIAN_POINT('',(45.06,48.1,0.));
#836 = CIRCLE('',#837,0.15);
#837 = AXIS2_PLACEMENT_3D('',#838,#839,#840);
#838 = CARTESIAN_POINT('',(45.06,48.25,0.));
#839 = DIRECTION('',(-0.,0.,-1.));
#840 = DIRECTION('',(-0.,-1.,0.));
#841 = FACE_BOUND('',#842,.F.);
#842 = EDGE_LOOP('',(#843));
#843 = ORIENTED_EDGE('',*,*,#844,.T.);
#844 = EDGE_CURVE('',#845,#845,#847,.T.);
#845 = VERTEX_POINT('',#846);
#846 = CARTESIAN_POINT('',(43.96,49.2,0.));
#847 = CIRCLE('',#848,0.15);
#848 = AXIS2_PLACEMENT_3D('',#849,#850,#851);
#849 = CARTESIAN_POINT('',(43.96,49.35,0.));
#850 = DIRECTION('',(-0.,0.,-1.));
#851 = DIRECTION('',(-0.,-1.,0.));
#852 = FACE_BOUND('',#853,.F.);
#853 = EDGE_LOOP('',(#854));
#854 = ORIENTED_EDGE('',*,*,#855,.T.);
#855 = EDGE_CURVE('',#856,#856,#858,.T.);
#856 = VERTEX_POINT('',#857);
#857 = CARTESIAN_POINT('',(45.06,49.2,0.));
#858 = CIRCLE('',#859,0.15);
#859 = AXIS2_PLACEMENT_3D('',#860,#861,#862);
#860 = CARTESIAN_POINT('',(45.06,49.35,0.));
#861 = DIRECTION('',(-0.,0.,-1.));
#862 = DIRECTION('',(-0.,-1.,0.));
#863 = FACE_BOUND('',#864,.F.);
#864 = EDGE_LOOP('',(#865));
#865 = ORIENTED_EDGE('',*,*,#866,.T.);
#866 = EDGE_CURVE('',#867,#867,#869,.T.);
#867 = VERTEX_POINT('',#868);
#868 = CARTESIAN_POINT('',(44.51,49.75,0.));
#869 = CIRCLE('',#870,0.15);
#870 = AXIS2_PLACEMENT_3D('',#871,#872,#873);
#871 = CARTESIAN_POINT('',(44.51,49.9,0.));
#872 = DIRECTION('',(-0.,0.,-1.));
#873 = DIRECTION('',(-0.,-1.,0.));
#874 = FACE_BOUND('',#875,.F.);
#875 = EDGE_LOOP('',(#876));
#876 = ORIENTED_EDGE('',*,*,#877,.T.);
#877 = EDGE_CURVE('',#878,#878,#880,.T.);
#878 = VERTEX_POINT('',#879);
#879 = CARTESIAN_POINT('',(66.5,58.9,0.));
#880 = CIRCLE('',#881,1.6);
#881 = AXIS2_PLACEMENT_3D('',#882,#883,#884);
#882 = CARTESIAN_POINT('',(66.5,60.5,0.));
#883 = DIRECTION('',(-0.,0.,-1.));
#884 = DIRECTION('',(-0.,-1.,0.));
#885 = PLANE('',#886);
#886 = AXIS2_PLACEMENT_3D('',#887,#888,#889);
#887 = CARTESIAN_POINT('',(0.,0.,0.));
#888 = DIRECTION('',(0.,0.,1.));
#889 = DIRECTION('',(1.,0.,-0.));
#890 = ADVANCED_FACE('',(#891,#902,#913,#924,#935,#946,#957,#968,#979,
    #990,#1001,#1012,#1023,#1034,#1045,#1056,#1067,#1078,#1089,#1100,
    #1111,#1122,#1133,#1144,#1155,#1166,#1177,#1188,#1199,#1235,#1271,
    #1307,#1318,#1329,#1365,#1401,#1412,#1423,#1459,#1495,#1506,#1517,
    #1528,#1539,#1550,#1561,#1572,#1583,#1594,#1605,#1616,#1627),#1638,
  .T.);
#891 = FACE_BOUND('',#892,.T.);
#892 = EDGE_LOOP('',(#893,#894,#895,#901));
#893 = ORIENTED_EDGE('',*,*,#49,.F.);
#894 = ORIENTED_EDGE('',*,*,#89,.F.);
#895 = ORIENTED_EDGE('',*,*,#896,.F.);
#896 = EDGE_CURVE('',#112,#82,#897,.T.);
#897 = LINE('',#898,#899);
#898 = CARTESIAN_POINT('',(0.,64.,1.51));
#899 = VECTOR('',#900,1.);
#900 = DIRECTION('',(1.,0.,0.));
#901 = ORIENTED_EDGE('',*,*,#111,.F.);
#902 = FACE_BOUND('',#903,.T.);
#903 = EDGE_LOOP('',(#904));
#904 = ORIENTED_EDGE('',*,*,#905,.T.);
#905 = EDGE_CURVE('',#906,#906,#908,.T.);
#906 = VERTEX_POINT('',#907);
#907 = CARTESIAN_POINT('',(3.5,1.9,1.51));
#908 = CIRCLE('',#909,1.6);
#909 = AXIS2_PLACEMENT_3D('',#910,#911,#912);
#910 = CARTESIAN_POINT('',(3.5,3.5,1.51));
#911 = DIRECTION('',(-0.,0.,-1.));
#912 = DIRECTION('',(-0.,-1.,0.));
#913 = FACE_BOUND('',#914,.T.);
#914 = EDGE_LOOP('',(#915));
#915 = ORIENTED_EDGE('',*,*,#916,.T.);
#916 = EDGE_CURVE('',#917,#917,#919,.T.);
#917 = VERTEX_POINT('',#918);
#918 = CARTESIAN_POINT('',(6.,10.49,1.51));
#919 = CIRCLE('',#920,0.51);
#920 = AXIS2_PLACEMENT_3D('',#921,#922,#923);
#921 = CARTESIAN_POINT('',(6.,11.,1.51));
#922 = DIRECTION('',(-0.,0.,-1.));
#923 = DIRECTION('',(-0.,-1.,0.));
#924 = FACE_BOUND('',#925,.T.);
#925 = EDGE_LOOP('',(#926));
#926 = ORIENTED_EDGE('',*,*,#927,.T.);
#927 = EDGE_CURVE('',#928,#928,#930,.T.);
#928 = VERTEX_POINT('',#929);
#929 = CARTESIAN_POINT('',(8.54,10.49,1.51));
#930 = CIRCLE('',#931,0.51);
#931 = AXIS2_PLACEMENT_3D('',#932,#933,#934);
#932 = CARTESIAN_POINT('',(8.54,11.,1.51));
#933 = DIRECTION('',(-0.,0.,-1.));
#934 = DIRECTION('',(-0.,-1.,0.));
#935 = FACE_BOUND('',#936,.T.);
#936 = EDGE_LOOP('',(#937));
#937 = ORIENTED_EDGE('',*,*,#938,.T.);
#938 = EDGE_CURVE('',#939,#939,#941,.T.);
#939 = VERTEX_POINT('',#940);
#940 = CARTESIAN_POINT('',(11.08,10.49,1.51));
#941 = CIRCLE('',#942,0.51);
#942 = AXIS2_PLACEMENT_3D('',#943,#944,#945);
#943 = CARTESIAN_POINT('',(11.08,11.,1.51));
#944 = DIRECTION('',(-0.,0.,-1.));
#945 = DIRECTION('',(-0.,-1.,0.));
#946 = FACE_BOUND('',#947,.T.);
#947 = EDGE_LOOP('',(#948));
#948 = ORIENTED_EDGE('',*,*,#949,.T.);
#949 = EDGE_CURVE('',#950,#950,#952,.T.);
#950 = VERTEX_POINT('',#951);
#951 = CARTESIAN_POINT('',(13.62,10.49,1.51));
#952 = CIRCLE('',#953,0.51);
#953 = AXIS2_PLACEMENT_3D('',#954,#955,#956);
#954 = CARTESIAN_POINT('',(13.62,11.,1.51));
#955 = DIRECTION('',(-0.,0.,-1.));
#956 = DIRECTION('',(-3.483052626275E-15,-1.,0.));
#957 = FACE_BOUND('',#958,.T.);
#958 = EDGE_LOOP('',(#959));
#959 = ORIENTED_EDGE('',*,*,#960,.T.);
#960 = EDGE_CURVE('',#961,#961,#963,.T.);
#961 = VERTEX_POINT('',#962);
#962 = CARTESIAN_POINT('',(11.08,12.535,1.51));
#963 = CIRCLE('',#964,0.625);
#964 = AXIS2_PLACEMENT_3D('',#965,#966,#967);
#965 = CARTESIAN_POINT('',(11.08,13.16,1.51));
#966 = DIRECTION('',(-0.,0.,-1.));
#967 = DIRECTION('',(-0.,-1.,0.));
#968 = FACE_BOUND('',#969,.T.);
#969 = EDGE_LOOP('',(#970));
#970 = ORIENTED_EDGE('',*,*,#971,.T.);
#971 = EDGE_CURVE('',#972,#972,#974,.T.);
#972 = VERTEX_POINT('',#973);
#973 = CARTESIAN_POINT('',(21.,10.49,1.51));
#974 = CIRCLE('',#975,0.51);
#975 = AXIS2_PLACEMENT_3D('',#976,#977,#978);
#976 = CARTESIAN_POINT('',(21.,11.,1.51));
#977 = DIRECTION('',(-0.,0.,-1.));
#978 = DIRECTION('',(-0.,-1.,0.));
#979 = FACE_BOUND('',#980,.T.);
#980 = EDGE_LOOP('',(#981));
#981 = ORIENTED_EDGE('',*,*,#982,.T.);
#982 = EDGE_CURVE('',#983,#983,#985,.T.);
#983 = VERTEX_POINT('',#984);
#984 = CARTESIAN_POINT('',(23.54,10.49,1.51));
#985 = CIRCLE('',#986,0.51);
#986 = AXIS2_PLACEMENT_3D('',#987,#988,#989);
#987 = CARTESIAN_POINT('',(23.54,11.,1.51));
#988 = DIRECTION('',(-0.,0.,-1.));
#989 = DIRECTION('',(-0.,-1.,0.));
#990 = FACE_BOUND('',#991,.T.);
#991 = EDGE_LOOP('',(#992));
#992 = ORIENTED_EDGE('',*,*,#993,.T.);
#993 = EDGE_CURVE('',#994,#994,#996,.T.);
#994 = VERTEX_POINT('',#995);
#995 = CARTESIAN_POINT('',(26.08,10.49,1.51));
#996 = CIRCLE('',#997,0.51);
#997 = AXIS2_PLACEMENT_3D('',#998,#999,#1000);
#998 = CARTESIAN_POINT('',(26.08,11.,1.51));
#999 = DIRECTION('',(-0.,0.,-1.));
#1000 = DIRECTION('',(-0.,-1.,0.));
#1001 = FACE_BOUND('',#1002,.T.);
#1002 = EDGE_LOOP('',(#1003));
#1003 = ORIENTED_EDGE('',*,*,#1004,.T.);
#1004 = EDGE_CURVE('',#1005,#1005,#1007,.T.);
#1005 = VERTEX_POINT('',#1006);
#1006 = CARTESIAN_POINT('',(26.08,12.535,1.51));
#1007 = CIRCLE('',#1008,0.625);
#1008 = AXIS2_PLACEMENT_3D('',#1009,#1010,#1011);
#1009 = CARTESIAN_POINT('',(26.08,13.16,1.51));
#1010 = DIRECTION('',(-0.,0.,-1.));
#1011 = DIRECTION('',(-0.,-1.,0.));
#1012 = FACE_BOUND('',#1013,.T.);
#1013 = EDGE_LOOP('',(#1014));
#1014 = ORIENTED_EDGE('',*,*,#1015,.T.);
#1015 = EDGE_CURVE('',#1016,#1016,#1018,.T.);
#1016 = VERTEX_POINT('',#1017);
#1017 = CARTESIAN_POINT('',(28.62,10.49,1.51));
#1018 = CIRCLE('',#1019,0.51);
#1019 = AXIS2_PLACEMENT_3D('',#1020,#1021,#1022);
#1020 = CARTESIAN_POINT('',(28.62,11.,1.51));
#1021 = DIRECTION('',(-0.,0.,-1.));
#1022 = DIRECTION('',(6.96610525255E-15,-1.,-0.));
#1023 = FACE_BOUND('',#1024,.T.);
#1024 = EDGE_LOOP('',(#1025));
#1025 = ORIENTED_EDGE('',*,*,#1026,.T.);
#1026 = EDGE_CURVE('',#1027,#1027,#1029,.T.);
#1027 = VERTEX_POINT('',#1028);
#1028 = CARTESIAN_POINT('',(6.,27.5,1.51));
#1029 = CIRCLE('',#1030,0.5);
#1030 = AXIS2_PLACEMENT_3D('',#1031,#1032,#1033);
#1031 = CARTESIAN_POINT('',(6.,28.,1.51));
#1032 = DIRECTION('',(-0.,0.,-1.));
#1033 = DIRECTION('',(-0.,-1.,0.));
#1034 = FACE_BOUND('',#1035,.T.);
#1035 = EDGE_LOOP('',(#1036));
#1036 = ORIENTED_EDGE('',*,*,#1037,.T.);
#1037 = EDGE_CURVE('',#1038,#1038,#1040,.T.);
#1038 = VERTEX_POINT('',#1039);
#1039 = CARTESIAN_POINT('',(11.,27.5,1.51));
#1040 = CIRCLE('',#1041,0.5);
#1041 = AXIS2_PLACEMENT_3D('',#1042,#1043,#1044);
#1042 = CARTESIAN_POINT('',(11.,28.,1.51));
#1043 = DIRECTION('',(-0.,0.,-1.));
#1044 = DIRECTION('',(-0.,-1.,0.));
#1045 = FACE_BOUND('',#1046,.T.);
#1046 = EDGE_LOOP('',(#1047));
#1047 = ORIENTED_EDGE('',*,*,#1048,.T.);
#1048 = EDGE_CURVE('',#1049,#1049,#1051,.T.);
#1049 = VERTEX_POINT('',#1050);
#1050 = CARTESIAN_POINT('',(36.,10.49,1.51));
#1051 = CIRCLE('',#1052,0.51);
#1052 = AXIS2_PLACEMENT_3D('',#1053,#1054,#1055);
#1053 = CARTESIAN_POINT('',(36.,11.,1.51));
#1054 = DIRECTION('',(-0.,0.,-1.));
#1055 = DIRECTION('',(-0.,-1.,0.));
#1056 = FACE_BOUND('',#1057,.T.);
#1057 = EDGE_LOOP('',(#1058));
#1058 = ORIENTED_EDGE('',*,*,#1059,.T.);
#1059 = EDGE_CURVE('',#1060,#1060,#1062,.T.);
#1060 = VERTEX_POINT('',#1061);
#1061 = CARTESIAN_POINT('',(38.54,10.49,1.51));
#1062 = CIRCLE('',#1063,0.51);
#1063 = AXIS2_PLACEMENT_3D('',#1064,#1065,#1066);
#1064 = CARTESIAN_POINT('',(38.54,11.,1.51));
#1065 = DIRECTION('',(-0.,0.,-1.));
#1066 = DIRECTION('',(-0.,-1.,0.));
#1067 = FACE_BOUND('',#1068,.T.);
#1068 = EDGE_LOOP('',(#1069));
#1069 = ORIENTED_EDGE('',*,*,#1070,.T.);
#1070 = EDGE_CURVE('',#1071,#1071,#1073,.T.);
#1071 = VERTEX_POINT('',#1072);
#1072 = CARTESIAN_POINT('',(41.08,10.49,1.51));
#1073 = CIRCLE('',#1074,0.51);
#1074 = AXIS2_PLACEMENT_3D('',#1075,#1076,#1077);
#1075 = CARTESIAN_POINT('',(41.08,11.,1.51));
#1076 = DIRECTION('',(-0.,0.,-1.));
#1077 = DIRECTION('',(-0.,-1.,0.));
#1078 = FACE_BOUND('',#1079,.T.);
#1079 = EDGE_LOOP('',(#1080));
#1080 = ORIENTED_EDGE('',*,*,#1081,.T.);
#1081 = EDGE_CURVE('',#1082,#1082,#1084,.T.);
#1082 = VERTEX_POINT('',#1083);
#1083 = CARTESIAN_POINT('',(41.08,12.535,1.51));
#1084 = CIRCLE('',#1085,0.625);
#1085 = AXIS2_PLACEMENT_3D('',#1086,#1087,#1088);
#1086 = CARTESIAN_POINT('',(41.08,13.16,1.51));
#1087 = DIRECTION('',(-0.,0.,-1.));
#1088 = DIRECTION('',(-0.,-1.,0.));
#1089 = FACE_BOUND('',#1090,.T.);
#1090 = EDGE_LOOP('',(#1091));
#1091 = ORIENTED_EDGE('',*,*,#1092,.T.);
#1092 = EDGE_CURVE('',#1093,#1093,#1095,.T.);
#1093 = VERTEX_POINT('',#1094);
#1094 = CARTESIAN_POINT('',(43.62,10.49,1.51));
#1095 = CIRCLE('',#1096,0.51);
#1096 = AXIS2_PLACEMENT_3D('',#1097,#1098,#1099);
#1097 = CARTESIAN_POINT('',(43.62,11.,1.51));
#1098 = DIRECTION('',(-0.,0.,-1.));
#1099 = DIRECTION('',(-1.39322105051E-14,-1.,0.));
#1100 = FACE_BOUND('',#1101,.T.);
#1101 = EDGE_LOOP('',(#1102));
#1102 = ORIENTED_EDGE('',*,*,#1103,.T.);
#1103 = EDGE_CURVE('',#1104,#1104,#1106,.T.);
#1104 = VERTEX_POINT('',#1105);
#1105 = CARTESIAN_POINT('',(51.,10.49,1.51));
#1106 = CIRCLE('',#1107,0.51);
#1107 = AXIS2_PLACEMENT_3D('',#1108,#1109,#1110);
#1108 = CARTESIAN_POINT('',(51.,11.,1.51));
#1109 = DIRECTION('',(-0.,0.,-1.));
#1110 = DIRECTION('',(-0.,-1.,0.));
#1111 = FACE_BOUND('',#1112,.T.);
#1112 = EDGE_LOOP('',(#1113));
#1113 = ORIENTED_EDGE('',*,*,#1114,.T.);
#1114 = EDGE_CURVE('',#1115,#1115,#1117,.T.);
#1115 = VERTEX_POINT('',#1116);
#1116 = CARTESIAN_POINT('',(60.,2.924,1.51));
#1117 = CIRCLE('',#1118,0.576);
#1118 = AXIS2_PLACEMENT_3D('',#1119,#1120,#1121);
#1119 = CARTESIAN_POINT('',(60.,3.5,1.51));
#1120 = DIRECTION('',(-0.,0.,-1.));
#1121 = DIRECTION('',(-0.,-1.,0.));
#1122 = FACE_BOUND('',#1123,.T.);
#1123 = EDGE_LOOP('',(#1124));
#1124 = ORIENTED_EDGE('',*,*,#1125,.T.);
#1125 = EDGE_CURVE('',#1126,#1126,#1128,.T.);
#1126 = VERTEX_POINT('',#1127);
#1127 = CARTESIAN_POINT('',(66.5,1.9,1.51));
#1128 = CIRCLE('',#1129,1.6);
#1129 = AXIS2_PLACEMENT_3D('',#1130,#1131,#1132);
#1130 = CARTESIAN_POINT('',(66.5,3.5,1.51));
#1131 = DIRECTION('',(-0.,0.,-1.));
#1132 = DIRECTION('',(-0.,-1.,0.));
#1133 = FACE_BOUND('',#1134,.T.);
#1134 = EDGE_LOOP('',(#1135));
#1135 = ORIENTED_EDGE('',*,*,#1136,.T.);
#1136 = EDGE_CURVE('',#1137,#1137,#1139,.T.);
#1137 = VERTEX_POINT('',#1138);
#1138 = CARTESIAN_POINT('',(53.54,10.49,1.51));
#1139 = CIRCLE('',#1140,0.51);
#1140 = AXIS2_PLACEMENT_3D('',#1141,#1142,#1143);
#1141 = CARTESIAN_POINT('',(53.54,11.,1.51));
#1142 = DIRECTION('',(-0.,0.,-1.));
#1143 = DIRECTION('',(-0.,-1.,0.));
#1144 = FACE_BOUND('',#1145,.T.);
#1145 = EDGE_LOOP('',(#1146));
#1146 = ORIENTED_EDGE('',*,*,#1147,.T.);
#1147 = EDGE_CURVE('',#1148,#1148,#1150,.T.);
#1148 = VERTEX_POINT('',#1149);
#1149 = CARTESIAN_POINT('',(56.08,10.49,1.51));
#1150 = CIRCLE('',#1151,0.51);
#1151 = AXIS2_PLACEMENT_3D('',#1152,#1153,#1154);
#1152 = CARTESIAN_POINT('',(56.08,11.,1.51));
#1153 = DIRECTION('',(-0.,0.,-1.));
#1154 = DIRECTION('',(-0.,-1.,0.));
#1155 = FACE_BOUND('',#1156,.T.);
#1156 = EDGE_LOOP('',(#1157));
#1157 = ORIENTED_EDGE('',*,*,#1158,.T.);
#1158 = EDGE_CURVE('',#1159,#1159,#1161,.T.);
#1159 = VERTEX_POINT('',#1160);
#1160 = CARTESIAN_POINT('',(58.62,10.49,1.51));
#1161 = CIRCLE('',#1162,0.51);
#1162 = AXIS2_PLACEMENT_3D('',#1163,#1164,#1165);
#1163 = CARTESIAN_POINT('',(58.62,11.,1.51));
#1164 = DIRECTION('',(-0.,0.,-1.));
#1165 = DIRECTION('',(-1.39322105051E-14,-1.,0.));
#1166 = FACE_BOUND('',#1167,.T.);
#1167 = EDGE_LOOP('',(#1168));
#1168 = ORIENTED_EDGE('',*,*,#1169,.T.);
#1169 = EDGE_CURVE('',#1170,#1170,#1172,.T.);
#1170 = VERTEX_POINT('',#1171);
#1171 = CARTESIAN_POINT('',(56.08,12.535,1.51));
#1172 = CIRCLE('',#1173,0.625);
#1173 = AXIS2_PLACEMENT_3D('',#1174,#1175,#1176);
#1174 = CARTESIAN_POINT('',(56.08,13.16,1.51));
#1175 = DIRECTION('',(-0.,0.,-1.));
#1176 = DIRECTION('',(-0.,-1.,0.));
#1177 = FACE_BOUND('',#1178,.T.);
#1178 = EDGE_LOOP('',(#1179));
#1179 = ORIENTED_EDGE('',*,*,#1180,.T.);
#1180 = EDGE_CURVE('',#1181,#1181,#1183,.T.);
#1181 = VERTEX_POINT('',#1182);
#1182 = CARTESIAN_POINT('',(7.,37.6,1.51));
#1183 = CIRCLE('',#1184,0.4);
#1184 = AXIS2_PLACEMENT_3D('',#1185,#1186,#1187);
#1185 = CARTESIAN_POINT('',(7.,38.,1.51));
#1186 = DIRECTION('',(-0.,0.,-1.));
#1187 = DIRECTION('',(-0.,-1.,0.));
#1188 = FACE_BOUND('',#1189,.T.);
#1189 = EDGE_LOOP('',(#1190));
#1190 = ORIENTED_EDGE('',*,*,#1191,.T.);
#1191 = EDGE_CURVE('',#1192,#1192,#1194,.T.);
#1192 = VERTEX_POINT('',#1193);
#1193 = CARTESIAN_POINT('',(9.5,37.6,1.51));
#1194 = CIRCLE('',#1195,0.4);
#1195 = AXIS2_PLACEMENT_3D('',#1196,#1197,#1198);
#1196 = CARTESIAN_POINT('',(9.5,38.,1.51));
#1197 = DIRECTION('',(-0.,0.,-1.));
#1198 = DIRECTION('',(-0.,-1.,0.));
#1199 = FACE_BOUND('',#1200,.T.);
#1200 = EDGE_LOOP('',(#1201,#1212,#1220,#1229));
#1201 = ORIENTED_EDGE('',*,*,#1202,.T.);
#1202 = EDGE_CURVE('',#1203,#1205,#1207,.T.);
#1203 = VERTEX_POINT('',#1204);
#1204 = CARTESIAN_POINT('',(10.2,43.8,1.51));
#1205 = VERTEX_POINT('',#1206);
#1206 = CARTESIAN_POINT('',(10.2,44.8,1.51));
#1207 = CIRCLE('',#1208,0.5);
#1208 = AXIS2_PLACEMENT_3D('',#1209,#1210,#1211);
#1209 = CARTESIAN_POINT('',(10.2,44.3,1.51));
#1210 = DIRECTION('',(-0.,0.,-1.));
#1211 = DIRECTION('',(0.,1.,0.));
#1212 = ORIENTED_EDGE('',*,*,#1213,.T.);
#1213 = EDGE_CURVE('',#1205,#1214,#1216,.T.);
#1214 = VERTEX_POINT('',#1215);
#1215 = CARTESIAN_POINT('',(12.2,44.8,1.51));
#1216 = LINE('',#1217,#1218);
#1217 = CARTESIAN_POINT('',(6.1,44.8,1.51));
#1218 = VECTOR('',#1219,1.);
#1219 = DIRECTION('',(1.,0.,-0.));
#1220 = ORIENTED_EDGE('',*,*,#1221,.T.);
#1221 = EDGE_CURVE('',#1214,#1222,#1224,.T.);
#1222 = VERTEX_POINT('',#1223);
#1223 = CARTESIAN_POINT('',(12.2,43.8,1.51));
#1224 = CIRCLE('',#1225,0.5);
#1225 = AXIS2_PLACEMENT_3D('',#1226,#1227,#1228);
#1226 = CARTESIAN_POINT('',(12.2,44.3,1.51));
#1227 = DIRECTION('',(-0.,0.,-1.));
#1228 = DIRECTION('',(-0.,-1.,0.));
#1229 = ORIENTED_EDGE('',*,*,#1230,.T.);
#1230 = EDGE_CURVE('',#1222,#1203,#1231,.T.);
#1231 = LINE('',#1232,#1233);
#1232 = CARTESIAN_POINT('',(5.1,43.8,1.51));
#1233 = VECTOR('',#1234,1.);
#1234 = DIRECTION('',(-1.,0.,0.));
#1235 = FACE_BOUND('',#1236,.T.);
#1236 = EDGE_LOOP('',(#1237,#1248,#1256,#1265));
#1237 = ORIENTED_EDGE('',*,*,#1238,.T.);
#1238 = EDGE_CURVE('',#1239,#1241,#1243,.T.);
#1239 = VERTEX_POINT('',#1240);
#1240 = CARTESIAN_POINT('',(8.7,48.,1.51));
#1241 = VERTEX_POINT('',#1242);
#1242 = CARTESIAN_POINT('',(7.7,48.,1.51));
#1243 = CIRCLE('',#1244,0.5);
#1244 = AXIS2_PLACEMENT_3D('',#1245,#1246,#1247);
#1245 = CARTESIAN_POINT('',(8.2,48.,1.51));
#1246 = DIRECTION('',(-0.,0.,-1.));
#1247 = DIRECTION('',(-1.,0.,0.));
#1248 = ORIENTED_EDGE('',*,*,#1249,.T.);
#1249 = EDGE_CURVE('',#1241,#1250,#1252,.T.);
#1250 = VERTEX_POINT('',#1251);
#1251 = CARTESIAN_POINT('',(7.7,50.,1.51));
#1252 = LINE('',#1253,#1254);
#1253 = CARTESIAN_POINT('',(7.7,25.,1.51));
#1254 = VECTOR('',#1255,1.);
#1255 = DIRECTION('',(-0.,1.,0.));
#1256 = ORIENTED_EDGE('',*,*,#1257,.T.);
#1257 = EDGE_CURVE('',#1250,#1258,#1260,.T.);
#1258 = VERTEX_POINT('',#1259);
#1259 = CARTESIAN_POINT('',(8.7,50.,1.51));
#1260 = CIRCLE('',#1261,0.5);
#1261 = AXIS2_PLACEMENT_3D('',#1262,#1263,#1264);
#1262 = CARTESIAN_POINT('',(8.2,50.,1.51));
#1263 = DIRECTION('',(0.,-0.,-1.));
#1264 = DIRECTION('',(1.,0.,-0.));
#1265 = ORIENTED_EDGE('',*,*,#1266,.T.);
#1266 = EDGE_CURVE('',#1258,#1239,#1267,.T.);
#1267 = LINE('',#1268,#1269);
#1268 = CARTESIAN_POINT('',(8.7,24.,1.51));
#1269 = VECTOR('',#1270,1.);
#1270 = DIRECTION('',(0.,-1.,0.));
#1271 = FACE_BOUND('',#1272,.T.);
#1272 = EDGE_LOOP('',(#1273,#1284,#1292,#1301));
#1273 = ORIENTED_EDGE('',*,*,#1274,.T.);
#1274 = EDGE_CURVE('',#1275,#1277,#1279,.T.);
#1275 = VERTEX_POINT('',#1276);
#1276 = CARTESIAN_POINT('',(14.7,47.75,1.51));
#1277 = VERTEX_POINT('',#1278);
#1278 = CARTESIAN_POINT('',(13.7,47.75,1.51));
#1279 = CIRCLE('',#1280,0.5);
#1280 = AXIS2_PLACEMENT_3D('',#1281,#1282,#1283);
#1281 = CARTESIAN_POINT('',(14.2,47.75,1.51));
#1282 = DIRECTION('',(-0.,0.,-1.));
#1283 = DIRECTION('',(-1.,0.,0.));
#1284 = ORIENTED_EDGE('',*,*,#1285,.T.);
#1285 = EDGE_CURVE('',#1277,#1286,#1288,.T.);
#1286 = VERTEX_POINT('',#1287);
#1287 = CARTESIAN_POINT('',(13.7,50.25,1.51));
#1288 = LINE('',#1289,#1290);
#1289 = CARTESIAN_POINT('',(13.7,25.125,1.51));
#1290 = VECTOR('',#1291,1.);
#1291 = DIRECTION('',(-0.,1.,0.));
#1292 = ORIENTED_EDGE('',*,*,#1293,.T.);
#1293 = EDGE_CURVE('',#1286,#1294,#1296,.T.);
#1294 = VERTEX_POINT('',#1295);
#1295 = CARTESIAN_POINT('',(14.7,50.25,1.51));
#1296 = CIRCLE('',#1297,0.5);
#1297 = AXIS2_PLACEMENT_3D('',#1298,#1299,#1300);
#1298 = CARTESIAN_POINT('',(14.2,50.25,1.51));
#1299 = DIRECTION('',(0.,-0.,-1.));
#1300 = DIRECTION('',(1.,0.,-0.));
#1301 = ORIENTED_EDGE('',*,*,#1302,.T.);
#1302 = EDGE_CURVE('',#1294,#1275,#1303,.T.);
#1303 = LINE('',#1304,#1305);
#1304 = CARTESIAN_POINT('',(14.7,23.875,1.51));
#1305 = VECTOR('',#1306,1.);
#1306 = DIRECTION('',(0.,-1.,0.));
#1307 = FACE_BOUND('',#1308,.T.);
#1308 = EDGE_LOOP('',(#1309));
#1309 = ORIENTED_EDGE('',*,*,#1310,.T.);
#1310 = EDGE_CURVE('',#1311,#1311,#1313,.T.);
#1311 = VERTEX_POINT('',#1312);
#1312 = CARTESIAN_POINT('',(3.5,58.9,1.51));
#1313 = CIRCLE('',#1314,1.6);
#1314 = AXIS2_PLACEMENT_3D('',#1315,#1316,#1317);
#1315 = CARTESIAN_POINT('',(3.5,60.5,1.51));
#1316 = DIRECTION('',(-0.,0.,-1.));
#1317 = DIRECTION('',(-0.,-1.,0.));
#1318 = FACE_BOUND('',#1319,.T.);
#1319 = EDGE_LOOP('',(#1320));
#1320 = ORIENTED_EDGE('',*,*,#1321,.T.);
#1321 = EDGE_CURVE('',#1322,#1322,#1324,.T.);
#1322 = VERTEX_POINT('',#1323);
#1323 = CARTESIAN_POINT('',(10.,59.924,1.51));
#1324 = CIRCLE('',#1325,0.576);
#1325 = AXIS2_PLACEMENT_3D('',#1326,#1327,#1328);
#1326 = CARTESIAN_POINT('',(10.,60.5,1.51));
#1327 = DIRECTION('',(-0.,0.,-1.));
#1328 = DIRECTION('',(-0.,-1.,0.));
#1329 = FACE_BOUND('',#1330,.T.);
#1330 = EDGE_LOOP('',(#1331,#1342,#1350,#1359));
#1331 = ORIENTED_EDGE('',*,*,#1332,.T.);
#1332 = EDGE_CURVE('',#1333,#1335,#1337,.T.);
#1333 = VERTEX_POINT('',#1334);
#1334 = CARTESIAN_POINT('',(64.22,35.98,1.51));
#1335 = VERTEX_POINT('',#1336);
#1336 = CARTESIAN_POINT('',(64.22,35.38,1.51));
#1337 = CIRCLE('',#1338,0.3);
#1338 = AXIS2_PLACEMENT_3D('',#1339,#1340,#1341);
#1339 = CARTESIAN_POINT('',(64.22,35.68,1.51));
#1340 = DIRECTION('',(-0.,0.,-1.));
#1341 = DIRECTION('',(-0.,-1.,0.));
#1342 = ORIENTED_EDGE('',*,*,#1343,.T.);
#1343 = EDGE_CURVE('',#1335,#1344,#1346,.T.);
#1344 = VERTEX_POINT('',#1345);
#1345 = CARTESIAN_POINT('',(63.12,35.38,1.51));
#1346 = LINE('',#1347,#1348);
#1347 = CARTESIAN_POINT('',(31.56,35.38,1.51));
#1348 = VECTOR('',#1349,1.);
#1349 = DIRECTION('',(-1.,0.,0.));
#1350 = ORIENTED_EDGE('',*,*,#1351,.T.);
#1351 = EDGE_CURVE('',#1344,#1352,#1354,.T.);
#1352 = VERTEX_POINT('',#1353);
#1353 = CARTESIAN_POINT('',(63.12,35.98,1.51));
#1354 = CIRCLE('',#1355,0.3);
#1355 = AXIS2_PLACEMENT_3D('',#1356,#1357,#1358);
#1356 = CARTESIAN_POINT('',(63.12,35.68,1.51));
#1357 = DIRECTION('',(-0.,0.,-1.));
#1358 = DIRECTION('',(0.,1.,0.));
#1359 = ORIENTED_EDGE('',*,*,#1360,.T.);
#1360 = EDGE_CURVE('',#1352,#1333,#1361,.T.);
#1361 = LINE('',#1362,#1363);
#1362 = CARTESIAN_POINT('',(32.11,35.98,1.51));
#1363 = VECTOR('',#1364,1.);
#1364 = DIRECTION('',(1.,0.,-0.));
#1365 = FACE_BOUND('',#1366,.T.);
#1366 = EDGE_LOOP('',(#1367,#1378,#1386,#1395));
#1367 = ORIENTED_EDGE('',*,*,#1368,.T.);
#1368 = EDGE_CURVE('',#1369,#1371,#1373,.T.);
#1369 = VERTEX_POINT('',#1370);
#1370 = CARTESIAN_POINT('',(68.15,35.98,1.51));
#1371 = VERTEX_POINT('',#1372);
#1372 = CARTESIAN_POINT('',(68.15,35.38,1.51));
#1373 = CIRCLE('',#1374,0.3);
#1374 = AXIS2_PLACEMENT_3D('',#1375,#1376,#1377);
#1375 = CARTESIAN_POINT('',(68.15,35.68,1.51));
#1376 = DIRECTION('',(-0.,0.,-1.));
#1377 = DIRECTION('',(-0.,-1.,0.));
#1378 = ORIENTED_EDGE('',*,*,#1379,.T.);
#1379 = EDGE_CURVE('',#1371,#1380,#1382,.T.);
#1380 = VERTEX_POINT('',#1381);
#1381 = CARTESIAN_POINT('',(67.55,35.38,1.51));
#1382 = LINE('',#1383,#1384);
#1383 = CARTESIAN_POINT('',(33.775,35.38,1.51));
#1384 = VECTOR('',#1385,1.);
#1385 = DIRECTION('',(-1.,0.,0.));
#1386 = ORIENTED_EDGE('',*,*,#1387,.T.);
#1387 = EDGE_CURVE('',#1380,#1388,#1390,.T.);
#1388 = VERTEX_POINT('',#1389);
#1389 = CARTESIAN_POINT('',(67.55,35.98,1.51));
#1390 = CIRCLE('',#1391,0.3);
#1391 = AXIS2_PLACEMENT_3D('',#1392,#1393,#1394);
#1392 = CARTESIAN_POINT('',(67.55,35.68,1.51));
#1393 = DIRECTION('',(-0.,0.,-1.));
#1394 = DIRECTION('',(-4.736951571734E-14,1.,0.));
#1395 = ORIENTED_EDGE('',*,*,#1396,.T.);
#1396 = EDGE_CURVE('',#1388,#1369,#1397,.T.);
#1397 = LINE('',#1398,#1399);
#1398 = CARTESIAN_POINT('',(34.075,35.98,1.51));
#1399 = VECTOR('',#1400,1.);
#1400 = DIRECTION('',(1.,0.,-0.));
#1401 = FACE_BOUND('',#1402,.T.);
#1402 = EDGE_LOOP('',(#1403));
#1403 = ORIENTED_EDGE('',*,*,#1404,.T.);
#1404 = EDGE_CURVE('',#1405,#1405,#1407,.T.);
#1405 = VERTEX_POINT('',#1406);
#1406 = CARTESIAN_POINT('',(64.2,36.785,1.51));
#1407 = CIRCLE('',#1408,0.325);
#1408 = AXIS2_PLACEMENT_3D('',#1409,#1410,#1411);
#1409 = CARTESIAN_POINT('',(64.2,37.11,1.51));
#1410 = DIRECTION('',(-0.,0.,-1.));
#1411 = DIRECTION('',(-0.,-1.,0.));
#1412 = FACE_BOUND('',#1413,.T.);
#1413 = EDGE_LOOP('',(#1414));
#1414 = ORIENTED_EDGE('',*,*,#1415,.T.);
#1415 = EDGE_CURVE('',#1416,#1416,#1418,.T.);
#1416 = VERTEX_POINT('',#1417);
#1417 = CARTESIAN_POINT('',(64.2,42.565,1.51));
#1418 = CIRCLE('',#1419,0.325);
#1419 = AXIS2_PLACEMENT_3D('',#1420,#1421,#1422);
#1420 = CARTESIAN_POINT('',(64.2,42.89,1.51));
#1421 = DIRECTION('',(-0.,0.,-1.));
#1422 = DIRECTION('',(-0.,-1.,0.));
#1423 = FACE_BOUND('',#1424,.T.);
#1424 = EDGE_LOOP('',(#1425,#1436,#1444,#1453));
#1425 = ORIENTED_EDGE('',*,*,#1426,.T.);
#1426 = EDGE_CURVE('',#1427,#1429,#1431,.T.);
#1427 = VERTEX_POINT('',#1428);
#1428 = CARTESIAN_POINT('',(64.22,44.62,1.51));
#1429 = VERTEX_POINT('',#1430);
#1430 = CARTESIAN_POINT('',(64.22,44.02,1.51));
#1431 = CIRCLE('',#1432,0.3);
#1432 = AXIS2_PLACEMENT_3D('',#1433,#1434,#1435);
#1433 = CARTESIAN_POINT('',(64.22,44.32,1.51));
#1434 = DIRECTION('',(-0.,0.,-1.));
#1435 = DIRECTION('',(-0.,-1.,0.));
#1436 = ORIENTED_EDGE('',*,*,#1437,.T.);
#1437 = EDGE_CURVE('',#1429,#1438,#1440,.T.);
#1438 = VERTEX_POINT('',#1439);
#1439 = CARTESIAN_POINT('',(63.12,44.02,1.51));
#1440 = LINE('',#1441,#1442);
#1441 = CARTESIAN_POINT('',(31.56,44.02,1.51));
#1442 = VECTOR('',#1443,1.);
#1443 = DIRECTION('',(-1.,0.,0.));
#1444 = ORIENTED_EDGE('',*,*,#1445,.T.);
#1445 = EDGE_CURVE('',#1438,#1446,#1448,.T.);
#1446 = VERTEX_POINT('',#1447);
#1447 = CARTESIAN_POINT('',(63.12,44.62,1.51));
#1448 = CIRCLE('',#1449,0.3);
#1449 = AXIS2_PLACEMENT_3D('',#1450,#1451,#1452);
#1450 = CARTESIAN_POINT('',(63.12,44.32,1.51));
#1451 = DIRECTION('',(-0.,0.,-1.));
#1452 = DIRECTION('',(0.,1.,0.));
#1453 = ORIENTED_EDGE('',*,*,#1454,.T.);
#1454 = EDGE_CURVE('',#1446,#1427,#1455,.T.);
#1455 = LINE('',#1456,#1457);
#1456 = CARTESIAN_POINT('',(32.11,44.62,1.51));
#1457 = VECTOR('',#1458,1.);
#1458 = DIRECTION('',(1.,0.,-0.));
#1459 = FACE_BOUND('',#1460,.T.);
#1460 = EDGE_LOOP('',(#1461,#1472,#1480,#1489));
#1461 = ORIENTED_EDGE('',*,*,#1462,.T.);
#1462 = EDGE_CURVE('',#1463,#1465,#1467,.T.);
#1463 = VERTEX_POINT('',#1464);
#1464 = CARTESIAN_POINT('',(68.15,44.62,1.51));
#1465 = VERTEX_POINT('',#1466);
#1466 = CARTESIAN_POINT('',(68.15,44.02,1.51));
#1467 = CIRCLE('',#1468,0.3);
#1468 = AXIS2_PLACEMENT_3D('',#1469,#1470,#1471);
#1469 = CARTESIAN_POINT('',(68.15,44.32,1.51));
#1470 = DIRECTION('',(-0.,0.,-1.));
#1471 = DIRECTION('',(-0.,-1.,0.));
#1472 = ORIENTED_EDGE('',*,*,#1473,.T.);
#1473 = EDGE_CURVE('',#1465,#1474,#1476,.T.);
#1474 = VERTEX_POINT('',#1475);
#1475 = CARTESIAN_POINT('',(67.55,44.02,1.51));
#1476 = LINE('',#1477,#1478);
#1477 = CARTESIAN_POINT('',(33.775,44.02,1.51));
#1478 = VECTOR('',#1479,1.);
#1479 = DIRECTION('',(-1.,0.,0.));
#1480 = ORIENTED_EDGE('',*,*,#1481,.T.);
#1481 = EDGE_CURVE('',#1474,#1482,#1484,.T.);
#1482 = VERTEX_POINT('',#1483);
#1483 = CARTESIAN_POINT('',(67.55,44.62,1.51));
#1484 = CIRCLE('',#1485,0.3);
#1485 = AXIS2_PLACEMENT_3D('',#1486,#1487,#1488);
#1486 = CARTESIAN_POINT('',(67.55,44.32,1.51));
#1487 = DIRECTION('',(-0.,0.,-1.));
#1488 = DIRECTION('',(-4.736951571734E-14,1.,0.));
#1489 = ORIENTED_EDGE('',*,*,#1490,.T.);
#1490 = EDGE_CURVE('',#1482,#1463,#1491,.T.);
#1491 = LINE('',#1492,#1493);
#1492 = CARTESIAN_POINT('',(34.075,44.62,1.51));
#1493 = VECTOR('',#1494,1.);
#1494 = DIRECTION('',(1.,0.,-0.));
#1495 = FACE_BOUND('',#1496,.T.);
#1496 = EDGE_LOOP('',(#1497));
#1497 = ORIENTED_EDGE('',*,*,#1498,.T.);
#1498 = EDGE_CURVE('',#1499,#1499,#1501,.T.);
#1499 = VERTEX_POINT('',#1500);
#1500 = CARTESIAN_POINT('',(43.41,47.55,1.51));
#1501 = CIRCLE('',#1502,0.15);
#1502 = AXIS2_PLACEMENT_3D('',#1503,#1504,#1505);
#1503 = CARTESIAN_POINT('',(43.41,47.7,1.51));
#1504 = DIRECTION('',(-0.,0.,-1.));
#1505 = DIRECTION('',(-0.,-1.,0.));
#1506 = FACE_BOUND('',#1507,.T.);
#1507 = EDGE_LOOP('',(#1508));
#1508 = ORIENTED_EDGE('',*,*,#1509,.T.);
#1509 = EDGE_CURVE('',#1510,#1510,#1512,.T.);
#1510 = VERTEX_POINT('',#1511);
#1511 = CARTESIAN_POINT('',(42.86,48.1,1.51));
#1512 = CIRCLE('',#1513,0.15);
#1513 = AXIS2_PLACEMENT_3D('',#1514,#1515,#1516);
#1514 = CARTESIAN_POINT('',(42.86,48.25,1.51));
#1515 = DIRECTION('',(-0.,0.,-1.));
#1516 = DIRECTION('',(-0.,-1.,0.));
#1517 = FACE_BOUND('',#1518,.T.);
#1518 = EDGE_LOOP('',(#1519));
#1519 = ORIENTED_EDGE('',*,*,#1520,.T.);
#1520 = EDGE_CURVE('',#1521,#1521,#1523,.T.);
#1521 = VERTEX_POINT('',#1522);
#1522 = CARTESIAN_POINT('',(43.41,48.65,1.51));
#1523 = CIRCLE('',#1524,0.15);
#1524 = AXIS2_PLACEMENT_3D('',#1525,#1526,#1527);
#1525 = CARTESIAN_POINT('',(43.41,48.8,1.51));
#1526 = DIRECTION('',(-0.,0.,-1.));
#1527 = DIRECTION('',(-0.,-1.,0.));
#1528 = FACE_BOUND('',#1529,.T.);
#1529 = EDGE_LOOP('',(#1530));
#1530 = ORIENTED_EDGE('',*,*,#1531,.T.);
#1531 = EDGE_CURVE('',#1532,#1532,#1534,.T.);
#1532 = VERTEX_POINT('',#1533);
#1533 = CARTESIAN_POINT('',(42.86,49.2,1.51));
#1534 = CIRCLE('',#1535,0.15);
#1535 = AXIS2_PLACEMENT_3D('',#1536,#1537,#1538);
#1536 = CARTESIAN_POINT('',(42.86,49.35,1.51));
#1537 = DIRECTION('',(-0.,0.,-1.));
#1538 = DIRECTION('',(-0.,-1.,0.));
#1539 = FACE_BOUND('',#1540,.T.);
#1540 = EDGE_LOOP('',(#1541));
#1541 = ORIENTED_EDGE('',*,*,#1542,.T.);
#1542 = EDGE_CURVE('',#1543,#1543,#1545,.T.);
#1543 = VERTEX_POINT('',#1544);
#1544 = CARTESIAN_POINT('',(43.41,49.75,1.51));
#1545 = CIRCLE('',#1546,0.15);
#1546 = AXIS2_PLACEMENT_3D('',#1547,#1548,#1549);
#1547 = CARTESIAN_POINT('',(43.41,49.9,1.51));
#1548 = DIRECTION('',(-0.,0.,-1.));
#1549 = DIRECTION('',(-0.,-1.,0.));
#1550 = FACE_BOUND('',#1551,.T.);
#1551 = EDGE_LOOP('',(#1552));
#1552 = ORIENTED_EDGE('',*,*,#1553,.T.);
#1553 = EDGE_CURVE('',#1554,#1554,#1556,.T.);
#1554 = VERTEX_POINT('',#1555);
#1555 = CARTESIAN_POINT('',(44.51,47.55,1.51));
#1556 = CIRCLE('',#1557,0.15);
#1557 = AXIS2_PLACEMENT_3D('',#1558,#1559,#1560);
#1558 = CARTESIAN_POINT('',(44.51,47.7,1.51));
#1559 = DIRECTION('',(-0.,0.,-1.));
#1560 = DIRECTION('',(-0.,-1.,0.));
#1561 = FACE_BOUND('',#1562,.T.);
#1562 = EDGE_LOOP('',(#1563));
#1563 = ORIENTED_EDGE('',*,*,#1564,.T.);
#1564 = EDGE_CURVE('',#1565,#1565,#1567,.T.);
#1565 = VERTEX_POINT('',#1566);
#1566 = CARTESIAN_POINT('',(43.96,48.1,1.51));
#1567 = CIRCLE('',#1568,0.15);
#1568 = AXIS2_PLACEMENT_3D('',#1569,#1570,#1571);
#1569 = CARTESIAN_POINT('',(43.96,48.25,1.51));
#1570 = DIRECTION('',(-0.,0.,-1.));
#1571 = DIRECTION('',(-0.,-1.,0.));
#1572 = FACE_BOUND('',#1573,.T.);
#1573 = EDGE_LOOP('',(#1574));
#1574 = ORIENTED_EDGE('',*,*,#1575,.T.);
#1575 = EDGE_CURVE('',#1576,#1576,#1578,.T.);
#1576 = VERTEX_POINT('',#1577);
#1577 = CARTESIAN_POINT('',(44.51,48.65,1.51));
#1578 = CIRCLE('',#1579,0.15);
#1579 = AXIS2_PLACEMENT_3D('',#1580,#1581,#1582);
#1580 = CARTESIAN_POINT('',(44.51,48.8,1.51));
#1581 = DIRECTION('',(-0.,0.,-1.));
#1582 = DIRECTION('',(-0.,-1.,0.));
#1583 = FACE_BOUND('',#1584,.T.);
#1584 = EDGE_LOOP('',(#1585));
#1585 = ORIENTED_EDGE('',*,*,#1586,.T.);
#1586 = EDGE_CURVE('',#1587,#1587,#1589,.T.);
#1587 = VERTEX_POINT('',#1588);
#1588 = CARTESIAN_POINT('',(45.06,48.1,1.51));
#1589 = CIRCLE('',#1590,0.15);
#1590 = AXIS2_PLACEMENT_3D('',#1591,#1592,#1593);
#1591 = CARTESIAN_POINT('',(45.06,48.25,1.51));
#1592 = DIRECTION('',(-0.,0.,-1.));
#1593 = DIRECTION('',(-0.,-1.,0.));
#1594 = FACE_BOUND('',#1595,.T.);
#1595 = EDGE_LOOP('',(#1596));
#1596 = ORIENTED_EDGE('',*,*,#1597,.T.);
#1597 = EDGE_CURVE('',#1598,#1598,#1600,.T.);
#1598 = VERTEX_POINT('',#1599);
#1599 = CARTESIAN_POINT('',(43.96,49.2,1.51));
#1600 = CIRCLE('',#1601,0.15);
#1601 = AXIS2_PLACEMENT_3D('',#1602,#1603,#1604);
#1602 = CARTESIAN_POINT('',(43.96,49.35,1.51));
#1603 = DIRECTION('',(-0.,0.,-1.));
#1604 = DIRECTION('',(-0.,-1.,0.));
#1605 = FACE_BOUND('',#1606,.T.);
#1606 = EDGE_LOOP('',(#1607));
#1607 = ORIENTED_EDGE('',*,*,#1608,.T.);
#1608 = EDGE_CURVE('',#1609,#1609,#1611,.T.);
#1609 = VERTEX_POINT('',#1610);
#1610 = CARTESIAN_POINT('',(45.06,49.2,1.51));
#1611 = CIRCLE('',#1612,0.15);
#1612 = AXIS2_PLACEMENT_3D('',#1613,#1614,#1615);
#1613 = CARTESIAN_POINT('',(45.06,49.35,1.51));
#1614 = DIRECTION('',(-0.,0.,-1.));
#1615 = DIRECTION('',(-0.,-1.,0.));
#1616 = FACE_BOUND('',#1617,.T.);
#1617 = EDGE_LOOP('',(#1618));
#1618 = ORIENTED_EDGE('',*,*,#1619,.T.);
#1619 = EDGE_CURVE('',#1620,#1620,#1622,.T.);
#1620 = VERTEX_POINT('',#1621);
#1621 = CARTESIAN_POINT('',(44.51,49.75,1.51));
#1622 = CIRCLE('',#1623,0.15);
#1623 = AXIS2_PLACEMENT_3D('',#1624,#1625,#1626);
#1624 = CARTESIAN_POINT('',(44.51,49.9,1.51));
#1625 = DIRECTION('',(-0.,0.,-1.));
#1626 = DIRECTION('',(-0.,-1.,0.));
#1627 = FACE_BOUND('',#1628,.T.);
#1628 = EDGE_LOOP('',(#1629));
#1629 = ORIENTED_EDGE('',*,*,#1630,.T.);
#1630 = EDGE_CURVE('',#1631,#1631,#1633,.T.);
#1631 = VERTEX_POINT('',#1632);
#1632 = CARTESIAN_POINT('',(66.5,58.9,1.51));
#1633 = CIRCLE('',#1634,1.6);
#1634 = AXIS2_PLACEMENT_3D('',#1635,#1636,#1637);
#1635 = CARTESIAN_POINT('',(66.5,60.5,1.51));
#1636 = DIRECTION('',(-0.,0.,-1.));
#1637 = DIRECTION('',(-0.,-1.,0.));
#1638 = PLANE('',#1639);
#1639 = AXIS2_PLACEMENT_3D('',#1640,#1641,#1642);
#1640 = CARTESIAN_POINT('',(0.,0.,1.51));
#1641 = DIRECTION('',(0.,0.,1.));
#1642 = DIRECTION('',(1.,0.,-0.));
#1643 = ADVANCED_FACE('',(#1644),#1650,.T.);
#1644 = FACE_BOUND('',#1645,.T.);
#1645 = EDGE_LOOP('',(#1646,#1647,#1648,#1649));
#1646 = ORIENTED_EDGE('',*,*,#119,.T.);
#1647 = ORIENTED_EDGE('',*,*,#896,.T.);
#1648 = ORIENTED_EDGE('',*,*,#79,.F.);
#1649 = ORIENTED_EDGE('',*,*,#143,.F.);
#1650 = PLANE('',#1651);
#1651 = AXIS2_PLACEMENT_3D('',#1652,#1653,#1654);
#1652 = CARTESIAN_POINT('',(0.,64.,0.));
#1653 = DIRECTION('',(0.,1.,0.));
#1654 = DIRECTION('',(1.,0.,0.));
#1655 = ADVANCED_FACE('',(#1656),#1667,.F.);
#1656 = FACE_BOUND('',#1657,.T.);
#1657 = EDGE_LOOP('',(#1658,#1659,#1665,#1666));
#1658 = ORIENTED_EDGE('',*,*,#152,.T.);
#1659 = ORIENTED_EDGE('',*,*,#1660,.T.);
#1660 = EDGE_CURVE('',#153,#906,#1661,.T.);
#1661 = LINE('',#1662,#1663);
#1662 = CARTESIAN_POINT('',(3.5,1.9,-4.6E-02));
#1663 = VECTOR('',#1664,1.);
#1664 = DIRECTION('',(0.,0.,1.));
#1665 = ORIENTED_EDGE('',*,*,#905,.F.);
#1666 = ORIENTED_EDGE('',*,*,#1660,.F.);
#1667 = CYLINDRICAL_SURFACE('',#1668,1.6);
#1668 = AXIS2_PLACEMENT_3D('',#1669,#1670,#1671);
#1669 = CARTESIAN_POINT('',(3.5,3.5,-4.6E-02));
#1670 = DIRECTION('',(-0.,-0.,-1.));
#1671 = DIRECTION('',(-0.,-1.,0.));
#1672 = ADVANCED_FACE('',(#1673),#1684,.F.);
#1673 = FACE_BOUND('',#1674,.T.);
#1674 = EDGE_LOOP('',(#1675,#1676,#1682,#1683));
#1675 = ORIENTED_EDGE('',*,*,#163,.T.);
#1676 = ORIENTED_EDGE('',*,*,#1677,.T.);
#1677 = EDGE_CURVE('',#164,#917,#1678,.T.);
#1678 = LINE('',#1679,#1680);
#1679 = CARTESIAN_POINT('',(6.,10.49,-4.6E-02));
#1680 = VECTOR('',#1681,1.);
#1681 = DIRECTION('',(0.,0.,1.));
#1682 = ORIENTED_EDGE('',*,*,#916,.F.);
#1683 = ORIENTED_EDGE('',*,*,#1677,.F.);
#1684 = CYLINDRICAL_SURFACE('',#1685,0.51);
#1685 = AXIS2_PLACEMENT_3D('',#1686,#1687,#1688);
#1686 = CARTESIAN_POINT('',(6.,11.,-4.6E-02));
#1687 = DIRECTION('',(-0.,-0.,-1.));
#1688 = DIRECTION('',(-0.,-1.,0.));
#1689 = ADVANCED_FACE('',(#1690),#1701,.F.);
#1690 = FACE_BOUND('',#1691,.T.);
#1691 = EDGE_LOOP('',(#1692,#1693,#1699,#1700));
#1692 = ORIENTED_EDGE('',*,*,#174,.T.);
#1693 = ORIENTED_EDGE('',*,*,#1694,.T.);
#1694 = EDGE_CURVE('',#175,#928,#1695,.T.);
#1695 = LINE('',#1696,#1697);
#1696 = CARTESIAN_POINT('',(8.54,10.49,-4.6E-02));
#1697 = VECTOR('',#1698,1.);
#1698 = DIRECTION('',(0.,0.,1.));
#1699 = ORIENTED_EDGE('',*,*,#927,.F.);
#1700 = ORIENTED_EDGE('',*,*,#1694,.F.);
#1701 = CYLINDRICAL_SURFACE('',#1702,0.51);
#1702 = AXIS2_PLACEMENT_3D('',#1703,#1704,#1705);
#1703 = CARTESIAN_POINT('',(8.54,11.,-4.6E-02));
#1704 = DIRECTION('',(-0.,-0.,-1.));
#1705 = DIRECTION('',(-0.,-1.,0.));
#1706 = ADVANCED_FACE('',(#1707),#1718,.F.);
#1707 = FACE_BOUND('',#1708,.T.);
#1708 = EDGE_LOOP('',(#1709,#1710,#1716,#1717));
#1709 = ORIENTED_EDGE('',*,*,#185,.T.);
#1710 = ORIENTED_EDGE('',*,*,#1711,.T.);
#1711 = EDGE_CURVE('',#186,#939,#1712,.T.);
#1712 = LINE('',#1713,#1714);
#1713 = CARTESIAN_POINT('',(11.08,10.49,-4.6E-02));
#1714 = VECTOR('',#1715,1.);
#1715 = DIRECTION('',(0.,0.,1.));
#1716 = ORIENTED_EDGE('',*,*,#938,.F.);
#1717 = ORIENTED_EDGE('',*,*,#1711,.F.);
#1718 = CYLINDRICAL_SURFACE('',#1719,0.51);
#1719 = AXIS2_PLACEMENT_3D('',#1720,#1721,#1722);
#1720 = CARTESIAN_POINT('',(11.08,11.,-4.6E-02));
#1721 = DIRECTION('',(-0.,-0.,-1.));
#1722 = DIRECTION('',(-0.,-1.,0.));
#1723 = ADVANCED_FACE('',(#1724),#1735,.F.);
#1724 = FACE_BOUND('',#1725,.T.);
#1725 = EDGE_LOOP('',(#1726,#1727,#1733,#1734));
#1726 = ORIENTED_EDGE('',*,*,#196,.T.);
#1727 = ORIENTED_EDGE('',*,*,#1728,.T.);
#1728 = EDGE_CURVE('',#197,#950,#1729,.T.);
#1729 = LINE('',#1730,#1731);
#1730 = CARTESIAN_POINT('',(13.62,10.49,-4.6E-02));
#1731 = VECTOR('',#1732,1.);
#1732 = DIRECTION('',(0.,0.,1.));
#1733 = ORIENTED_EDGE('',*,*,#949,.F.);
#1734 = ORIENTED_EDGE('',*,*,#1728,.F.);
#1735 = CYLINDRICAL_SURFACE('',#1736,0.51);
#1736 = AXIS2_PLACEMENT_3D('',#1737,#1738,#1739);
#1737 = CARTESIAN_POINT('',(13.62,11.,-4.6E-02));
#1738 = DIRECTION('',(-0.,-0.,-1.));
#1739 = DIRECTION('',(-3.483052626275E-15,-1.,0.));
#1740 = ADVANCED_FACE('',(#1741),#1752,.F.);
#1741 = FACE_BOUND('',#1742,.T.);
#1742 = EDGE_LOOP('',(#1743,#1744,#1750,#1751));
#1743 = ORIENTED_EDGE('',*,*,#207,.T.);
#1744 = ORIENTED_EDGE('',*,*,#1745,.T.);
#1745 = EDGE_CURVE('',#208,#961,#1746,.T.);
#1746 = LINE('',#1747,#1748);
#1747 = CARTESIAN_POINT('',(11.08,12.535,-4.6E-02));
#1748 = VECTOR('',#1749,1.);
#1749 = DIRECTION('',(0.,0.,1.));
#1750 = ORIENTED_EDGE('',*,*,#960,.F.);
#1751 = ORIENTED_EDGE('',*,*,#1745,.F.);
#1752 = CYLINDRICAL_SURFACE('',#1753,0.625);
#1753 = AXIS2_PLACEMENT_3D('',#1754,#1755,#1756);
#1754 = CARTESIAN_POINT('',(11.08,13.16,-4.6E-02));
#1755 = DIRECTION('',(-0.,-0.,-1.));
#1756 = DIRECTION('',(-0.,-1.,0.));
#1757 = ADVANCED_FACE('',(#1758),#1769,.F.);
#1758 = FACE_BOUND('',#1759,.T.);
#1759 = EDGE_LOOP('',(#1760,#1761,#1767,#1768));
#1760 = ORIENTED_EDGE('',*,*,#218,.T.);
#1761 = ORIENTED_EDGE('',*,*,#1762,.T.);
#1762 = EDGE_CURVE('',#219,#972,#1763,.T.);
#1763 = LINE('',#1764,#1765);
#1764 = CARTESIAN_POINT('',(21.,10.49,-4.6E-02));
#1765 = VECTOR('',#1766,1.);
#1766 = DIRECTION('',(0.,0.,1.));
#1767 = ORIENTED_EDGE('',*,*,#971,.F.);
#1768 = ORIENTED_EDGE('',*,*,#1762,.F.);
#1769 = CYLINDRICAL_SURFACE('',#1770,0.51);
#1770 = AXIS2_PLACEMENT_3D('',#1771,#1772,#1773);
#1771 = CARTESIAN_POINT('',(21.,11.,-4.6E-02));
#1772 = DIRECTION('',(-0.,-0.,-1.));
#1773 = DIRECTION('',(-0.,-1.,0.));
#1774 = ADVANCED_FACE('',(#1775),#1786,.F.);
#1775 = FACE_BOUND('',#1776,.T.);
#1776 = EDGE_LOOP('',(#1777,#1778,#1784,#1785));
#1777 = ORIENTED_EDGE('',*,*,#229,.T.);
#1778 = ORIENTED_EDGE('',*,*,#1779,.T.);
#1779 = EDGE_CURVE('',#230,#983,#1780,.T.);
#1780 = LINE('',#1781,#1782);
#1781 = CARTESIAN_POINT('',(23.54,10.49,-4.6E-02));
#1782 = VECTOR('',#1783,1.);
#1783 = DIRECTION('',(0.,0.,1.));
#1784 = ORIENTED_EDGE('',*,*,#982,.F.);
#1785 = ORIENTED_EDGE('',*,*,#1779,.F.);
#1786 = CYLINDRICAL_SURFACE('',#1787,0.51);
#1787 = AXIS2_PLACEMENT_3D('',#1788,#1789,#1790);
#1788 = CARTESIAN_POINT('',(23.54,11.,-4.6E-02));
#1789 = DIRECTION('',(-0.,-0.,-1.));
#1790 = DIRECTION('',(-0.,-1.,0.));
#1791 = ADVANCED_FACE('',(#1792),#1803,.F.);
#1792 = FACE_BOUND('',#1793,.T.);
#1793 = EDGE_LOOP('',(#1794,#1795,#1801,#1802));
#1794 = ORIENTED_EDGE('',*,*,#240,.T.);
#1795 = ORIENTED_EDGE('',*,*,#1796,.T.);
#1796 = EDGE_CURVE('',#241,#994,#1797,.T.);
#1797 = LINE('',#1798,#1799);
#1798 = CARTESIAN_POINT('',(26.08,10.49,-4.6E-02));
#1799 = VECTOR('',#1800,1.);
#1800 = DIRECTION('',(0.,0.,1.));
#1801 = ORIENTED_EDGE('',*,*,#993,.F.);
#1802 = ORIENTED_EDGE('',*,*,#1796,.F.);
#1803 = CYLINDRICAL_SURFACE('',#1804,0.51);
#1804 = AXIS2_PLACEMENT_3D('',#1805,#1806,#1807);
#1805 = CARTESIAN_POINT('',(26.08,11.,-4.6E-02));
#1806 = DIRECTION('',(-0.,-0.,-1.));
#1807 = DIRECTION('',(-0.,-1.,0.));
#1808 = ADVANCED_FACE('',(#1809),#1820,.F.);
#1809 = FACE_BOUND('',#1810,.T.);
#1810 = EDGE_LOOP('',(#1811,#1812,#1818,#1819));
#1811 = ORIENTED_EDGE('',*,*,#251,.T.);
#1812 = ORIENTED_EDGE('',*,*,#1813,.T.);
#1813 = EDGE_CURVE('',#252,#1005,#1814,.T.);
#1814 = LINE('',#1815,#1816);
#1815 = CARTESIAN_POINT('',(26.08,12.535,-4.6E-02));
#1816 = VECTOR('',#1817,1.);
#1817 = DIRECTION('',(0.,0.,1.));
#1818 = ORIENTED_EDGE('',*,*,#1004,.F.);
#1819 = ORIENTED_EDGE('',*,*,#1813,.F.);
#1820 = CYLINDRICAL_SURFACE('',#1821,0.625);
#1821 = AXIS2_PLACEMENT_3D('',#1822,#1823,#1824);
#1822 = CARTESIAN_POINT('',(26.08,13.16,-4.6E-02));
#1823 = DIRECTION('',(-0.,-0.,-1.));
#1824 = DIRECTION('',(-0.,-1.,0.));
#1825 = ADVANCED_FACE('',(#1826),#1837,.F.);
#1826 = FACE_BOUND('',#1827,.T.);
#1827 = EDGE_LOOP('',(#1828,#1829,#1835,#1836));
#1828 = ORIENTED_EDGE('',*,*,#262,.T.);
#1829 = ORIENTED_EDGE('',*,*,#1830,.T.);
#1830 = EDGE_CURVE('',#263,#1016,#1831,.T.);
#1831 = LINE('',#1832,#1833);
#1832 = CARTESIAN_POINT('',(28.62,10.49,-4.6E-02));
#1833 = VECTOR('',#1834,1.);
#1834 = DIRECTION('',(0.,0.,1.));
#1835 = ORIENTED_EDGE('',*,*,#1015,.F.);
#1836 = ORIENTED_EDGE('',*,*,#1830,.F.);
#1837 = CYLINDRICAL_SURFACE('',#1838,0.51);
#1838 = AXIS2_PLACEMENT_3D('',#1839,#1840,#1841);
#1839 = CARTESIAN_POINT('',(28.62,11.,-4.6E-02));
#1840 = DIRECTION('',(-0.,0.,-1.));
#1841 = DIRECTION('',(6.96610525255E-15,-1.,-0.));
#1842 = ADVANCED_FACE('',(#1843),#1854,.F.);
#1843 = FACE_BOUND('',#1844,.T.);
#1844 = EDGE_LOOP('',(#1845,#1846,#1852,#1853));
#1845 = ORIENTED_EDGE('',*,*,#273,.T.);
#1846 = ORIENTED_EDGE('',*,*,#1847,.T.);
#1847 = EDGE_CURVE('',#274,#1027,#1848,.T.);
#1848 = LINE('',#1849,#1850);
#1849 = CARTESIAN_POINT('',(6.,27.5,-4.6E-02));
#1850 = VECTOR('',#1851,1.);
#1851 = DIRECTION('',(0.,0.,1.));
#1852 = ORIENTED_EDGE('',*,*,#1026,.F.);
#1853 = ORIENTED_EDGE('',*,*,#1847,.F.);
#1854 = CYLINDRICAL_SURFACE('',#1855,0.5);
#1855 = AXIS2_PLACEMENT_3D('',#1856,#1857,#1858);
#1856 = CARTESIAN_POINT('',(6.,28.,-4.6E-02));
#1857 = DIRECTION('',(-0.,-0.,-1.));
#1858 = DIRECTION('',(-0.,-1.,0.));
#1859 = ADVANCED_FACE('',(#1860),#1871,.F.);
#1860 = FACE_BOUND('',#1861,.T.);
#1861 = EDGE_LOOP('',(#1862,#1863,#1869,#1870));
#1862 = ORIENTED_EDGE('',*,*,#284,.T.);
#1863 = ORIENTED_EDGE('',*,*,#1864,.T.);
#1864 = EDGE_CURVE('',#285,#1038,#1865,.T.);
#1865 = LINE('',#1866,#1867);
#1866 = CARTESIAN_POINT('',(11.,27.5,-4.6E-02));
#1867 = VECTOR('',#1868,1.);
#1868 = DIRECTION('',(0.,0.,1.));
#1869 = ORIENTED_EDGE('',*,*,#1037,.F.);
#1870 = ORIENTED_EDGE('',*,*,#1864,.F.);
#1871 = CYLINDRICAL_SURFACE('',#1872,0.5);
#1872 = AXIS2_PLACEMENT_3D('',#1873,#1874,#1875);
#1873 = CARTESIAN_POINT('',(11.,28.,-4.6E-02));
#1874 = DIRECTION('',(-0.,-0.,-1.));
#1875 = DIRECTION('',(-0.,-1.,0.));
#1876 = ADVANCED_FACE('',(#1877),#1888,.F.);
#1877 = FACE_BOUND('',#1878,.T.);
#1878 = EDGE_LOOP('',(#1879,#1880,#1886,#1887));
#1879 = ORIENTED_EDGE('',*,*,#295,.T.);
#1880 = ORIENTED_EDGE('',*,*,#1881,.T.);
#1881 = EDGE_CURVE('',#296,#1049,#1882,.T.);
#1882 = LINE('',#1883,#1884);
#1883 = CARTESIAN_POINT('',(36.,10.49,-4.6E-02));
#1884 = VECTOR('',#1885,1.);
#1885 = DIRECTION('',(0.,0.,1.));
#1886 = ORIENTED_EDGE('',*,*,#1048,.F.);
#1887 = ORIENTED_EDGE('',*,*,#1881,.F.);
#1888 = CYLINDRICAL_SURFACE('',#1889,0.51);
#1889 = AXIS2_PLACEMENT_3D('',#1890,#1891,#1892);
#1890 = CARTESIAN_POINT('',(36.,11.,-4.6E-02));
#1891 = DIRECTION('',(-0.,-0.,-1.));
#1892 = DIRECTION('',(-0.,-1.,0.));
#1893 = ADVANCED_FACE('',(#1894),#1905,.F.);
#1894 = FACE_BOUND('',#1895,.T.);
#1895 = EDGE_LOOP('',(#1896,#1897,#1903,#1904));
#1896 = ORIENTED_EDGE('',*,*,#306,.T.);
#1897 = ORIENTED_EDGE('',*,*,#1898,.T.);
#1898 = EDGE_CURVE('',#307,#1060,#1899,.T.);
#1899 = LINE('',#1900,#1901);
#1900 = CARTESIAN_POINT('',(38.54,10.49,-4.6E-02));
#1901 = VECTOR('',#1902,1.);
#1902 = DIRECTION('',(0.,0.,1.));
#1903 = ORIENTED_EDGE('',*,*,#1059,.F.);
#1904 = ORIENTED_EDGE('',*,*,#1898,.F.);
#1905 = CYLINDRICAL_SURFACE('',#1906,0.51);
#1906 = AXIS2_PLACEMENT_3D('',#1907,#1908,#1909);
#1907 = CARTESIAN_POINT('',(38.54,11.,-4.6E-02));
#1908 = DIRECTION('',(-0.,-0.,-1.));
#1909 = DIRECTION('',(-0.,-1.,0.));
#1910 = ADVANCED_FACE('',(#1911),#1922,.F.);
#1911 = FACE_BOUND('',#1912,.T.);
#1912 = EDGE_LOOP('',(#1913,#1914,#1920,#1921));
#1913 = ORIENTED_EDGE('',*,*,#317,.T.);
#1914 = ORIENTED_EDGE('',*,*,#1915,.T.);
#1915 = EDGE_CURVE('',#318,#1071,#1916,.T.);
#1916 = LINE('',#1917,#1918);
#1917 = CARTESIAN_POINT('',(41.08,10.49,-4.6E-02));
#1918 = VECTOR('',#1919,1.);
#1919 = DIRECTION('',(0.,0.,1.));
#1920 = ORIENTED_EDGE('',*,*,#1070,.F.);
#1921 = ORIENTED_EDGE('',*,*,#1915,.F.);
#1922 = CYLINDRICAL_SURFACE('',#1923,0.51);
#1923 = AXIS2_PLACEMENT_3D('',#1924,#1925,#1926);
#1924 = CARTESIAN_POINT('',(41.08,11.,-4.6E-02));
#1925 = DIRECTION('',(-0.,-0.,-1.));
#1926 = DIRECTION('',(-0.,-1.,0.));
#1927 = ADVANCED_FACE('',(#1928),#1939,.F.);
#1928 = FACE_BOUND('',#1929,.T.);
#1929 = EDGE_LOOP('',(#1930,#1931,#1937,#1938));
#1930 = ORIENTED_EDGE('',*,*,#328,.T.);
#1931 = ORIENTED_EDGE('',*,*,#1932,.T.);
#1932 = EDGE_CURVE('',#329,#1082,#1933,.T.);
#1933 = LINE('',#1934,#1935);
#1934 = CARTESIAN_POINT('',(41.08,12.535,-4.6E-02));
#1935 = VECTOR('',#1936,1.);
#1936 = DIRECTION('',(0.,0.,1.));
#1937 = ORIENTED_EDGE('',*,*,#1081,.F.);
#1938 = ORIENTED_EDGE('',*,*,#1932,.F.);
#1939 = CYLINDRICAL_SURFACE('',#1940,0.625);
#1940 = AXIS2_PLACEMENT_3D('',#1941,#1942,#1943);
#1941 = CARTESIAN_POINT('',(41.08,13.16,-4.6E-02));
#1942 = DIRECTION('',(-0.,-0.,-1.));
#1943 = DIRECTION('',(-0.,-1.,0.));
#1944 = ADVANCED_FACE('',(#1945),#1956,.F.);
#1945 = FACE_BOUND('',#1946,.T.);
#1946 = EDGE_LOOP('',(#1947,#1948,#1954,#1955));
#1947 = ORIENTED_EDGE('',*,*,#339,.T.);
#1948 = ORIENTED_EDGE('',*,*,#1949,.T.);
#1949 = EDGE_CURVE('',#340,#1093,#1950,.T.);
#1950 = LINE('',#1951,#1952);
#1951 = CARTESIAN_POINT('',(43.62,10.49,-4.6E-02));
#1952 = VECTOR('',#1953,1.);
#1953 = DIRECTION('',(0.,0.,1.));
#1954 = ORIENTED_EDGE('',*,*,#1092,.F.);
#1955 = ORIENTED_EDGE('',*,*,#1949,.F.);
#1956 = CYLINDRICAL_SURFACE('',#1957,0.51);
#1957 = AXIS2_PLACEMENT_3D('',#1958,#1959,#1960);
#1958 = CARTESIAN_POINT('',(43.62,11.,-4.6E-02));
#1959 = DIRECTION('',(-0.,-0.,-1.));
#1960 = DIRECTION('',(-1.39322105051E-14,-1.,0.));
#1961 = ADVANCED_FACE('',(#1962),#1973,.F.);
#1962 = FACE_BOUND('',#1963,.T.);
#1963 = EDGE_LOOP('',(#1964,#1965,#1971,#1972));
#1964 = ORIENTED_EDGE('',*,*,#350,.T.);
#1965 = ORIENTED_EDGE('',*,*,#1966,.T.);
#1966 = EDGE_CURVE('',#351,#1104,#1967,.T.);
#1967 = LINE('',#1968,#1969);
#1968 = CARTESIAN_POINT('',(51.,10.49,-4.6E-02));
#1969 = VECTOR('',#1970,1.);
#1970 = DIRECTION('',(0.,0.,1.));
#1971 = ORIENTED_EDGE('',*,*,#1103,.F.);
#1972 = ORIENTED_EDGE('',*,*,#1966,.F.);
#1973 = CYLINDRICAL_SURFACE('',#1974,0.51);
#1974 = AXIS2_PLACEMENT_3D('',#1975,#1976,#1977);
#1975 = CARTESIAN_POINT('',(51.,11.,-4.6E-02));
#1976 = DIRECTION('',(-0.,-0.,-1.));
#1977 = DIRECTION('',(-0.,-1.,0.));
#1978 = ADVANCED_FACE('',(#1979),#1990,.F.);
#1979 = FACE_BOUND('',#1980,.T.);
#1980 = EDGE_LOOP('',(#1981,#1982,#1988,#1989));
#1981 = ORIENTED_EDGE('',*,*,#361,.T.);
#1982 = ORIENTED_EDGE('',*,*,#1983,.T.);
#1983 = EDGE_CURVE('',#362,#1115,#1984,.T.);
#1984 = LINE('',#1985,#1986);
#1985 = CARTESIAN_POINT('',(60.,2.924,-4.6E-02));
#1986 = VECTOR('',#1987,1.);
#1987 = DIRECTION('',(0.,0.,1.));
#1988 = ORIENTED_EDGE('',*,*,#1114,.F.);
#1989 = ORIENTED_EDGE('',*,*,#1983,.F.);
#1990 = CYLINDRICAL_SURFACE('',#1991,0.576);
#1991 = AXIS2_PLACEMENT_3D('',#1992,#1993,#1994);
#1992 = CARTESIAN_POINT('',(60.,3.5,-4.6E-02));
#1993 = DIRECTION('',(-0.,-0.,-1.));
#1994 = DIRECTION('',(-0.,-1.,0.));
#1995 = ADVANCED_FACE('',(#1996),#2007,.F.);
#1996 = FACE_BOUND('',#1997,.T.);
#1997 = EDGE_LOOP('',(#1998,#1999,#2005,#2006));
#1998 = ORIENTED_EDGE('',*,*,#372,.T.);
#1999 = ORIENTED_EDGE('',*,*,#2000,.T.);
#2000 = EDGE_CURVE('',#373,#1126,#2001,.T.);
#2001 = LINE('',#2002,#2003);
#2002 = CARTESIAN_POINT('',(66.5,1.9,-4.6E-02));
#2003 = VECTOR('',#2004,1.);
#2004 = DIRECTION('',(0.,0.,1.));
#2005 = ORIENTED_EDGE('',*,*,#1125,.F.);
#2006 = ORIENTED_EDGE('',*,*,#2000,.F.);
#2007 = CYLINDRICAL_SURFACE('',#2008,1.6);
#2008 = AXIS2_PLACEMENT_3D('',#2009,#2010,#2011);
#2009 = CARTESIAN_POINT('',(66.5,3.5,-4.6E-02));
#2010 = DIRECTION('',(-0.,-0.,-1.));
#2011 = DIRECTION('',(-0.,-1.,0.));
#2012 = ADVANCED_FACE('',(#2013),#2024,.F.);
#2013 = FACE_BOUND('',#2014,.T.);
#2014 = EDGE_LOOP('',(#2015,#2016,#2022,#2023));
#2015 = ORIENTED_EDGE('',*,*,#383,.T.);
#2016 = ORIENTED_EDGE('',*,*,#2017,.T.);
#2017 = EDGE_CURVE('',#384,#1137,#2018,.T.);
#2018 = LINE('',#2019,#2020);
#2019 = CARTESIAN_POINT('',(53.54,10.49,-4.6E-02));
#2020 = VECTOR('',#2021,1.);
#2021 = DIRECTION('',(0.,0.,1.));
#2022 = ORIENTED_EDGE('',*,*,#1136,.F.);
#2023 = ORIENTED_EDGE('',*,*,#2017,.F.);
#2024 = CYLINDRICAL_SURFACE('',#2025,0.51);
#2025 = AXIS2_PLACEMENT_3D('',#2026,#2027,#2028);
#2026 = CARTESIAN_POINT('',(53.54,11.,-4.6E-02));
#2027 = DIRECTION('',(-0.,-0.,-1.));
#2028 = DIRECTION('',(-0.,-1.,0.));
#2029 = ADVANCED_FACE('',(#2030),#2041,.F.);
#2030 = FACE_BOUND('',#2031,.T.);
#2031 = EDGE_LOOP('',(#2032,#2033,#2039,#2040));
#2032 = ORIENTED_EDGE('',*,*,#394,.T.);
#2033 = ORIENTED_EDGE('',*,*,#2034,.T.);
#2034 = EDGE_CURVE('',#395,#1148,#2035,.T.);
#2035 = LINE('',#2036,#2037);
#2036 = CARTESIAN_POINT('',(56.08,10.49,-4.6E-02));
#2037 = VECTOR('',#2038,1.);
#2038 = DIRECTION('',(0.,0.,1.));
#2039 = ORIENTED_EDGE('',*,*,#1147,.F.);
#2040 = ORIENTED_EDGE('',*,*,#2034,.F.);
#2041 = CYLINDRICAL_SURFACE('',#2042,0.51);
#2042 = AXIS2_PLACEMENT_3D('',#2043,#2044,#2045);
#2043 = CARTESIAN_POINT('',(56.08,11.,-4.6E-02));
#2044 = DIRECTION('',(-0.,-0.,-1.));
#2045 = DIRECTION('',(-0.,-1.,0.));
#2046 = ADVANCED_FACE('',(#2047),#2058,.F.);
#2047 = FACE_BOUND('',#2048,.T.);
#2048 = EDGE_LOOP('',(#2049,#2050,#2056,#2057));
#2049 = ORIENTED_EDGE('',*,*,#405,.T.);
#2050 = ORIENTED_EDGE('',*,*,#2051,.T.);
#2051 = EDGE_CURVE('',#406,#1159,#2052,.T.);
#2052 = LINE('',#2053,#2054);
#2053 = CARTESIAN_POINT('',(58.62,10.49,-4.6E-02));
#2054 = VECTOR('',#2055,1.);
#2055 = DIRECTION('',(0.,0.,1.));
#2056 = ORIENTED_EDGE('',*,*,#1158,.F.);
#2057 = ORIENTED_EDGE('',*,*,#2051,.F.);
#2058 = CYLINDRICAL_SURFACE('',#2059,0.51);
#2059 = AXIS2_PLACEMENT_3D('',#2060,#2061,#2062);
#2060 = CARTESIAN_POINT('',(58.62,11.,-4.6E-02));
#2061 = DIRECTION('',(-0.,-0.,-1.));
#2062 = DIRECTION('',(-1.39322105051E-14,-1.,0.));
#2063 = ADVANCED_FACE('',(#2064),#2075,.F.);
#2064 = FACE_BOUND('',#2065,.T.);
#2065 = EDGE_LOOP('',(#2066,#2067,#2073,#2074));
#2066 = ORIENTED_EDGE('',*,*,#416,.T.);
#2067 = ORIENTED_EDGE('',*,*,#2068,.T.);
#2068 = EDGE_CURVE('',#417,#1170,#2069,.T.);
#2069 = LINE('',#2070,#2071);
#2070 = CARTESIAN_POINT('',(56.08,12.535,-4.6E-02));
#2071 = VECTOR('',#2072,1.);
#2072 = DIRECTION('',(0.,0.,1.));
#2073 = ORIENTED_EDGE('',*,*,#1169,.F.);
#2074 = ORIENTED_EDGE('',*,*,#2068,.F.);
#2075 = CYLINDRICAL_SURFACE('',#2076,0.625);
#2076 = AXIS2_PLACEMENT_3D('',#2077,#2078,#2079);
#2077 = CARTESIAN_POINT('',(56.08,13.16,-4.6E-02));
#2078 = DIRECTION('',(-0.,-0.,-1.));
#2079 = DIRECTION('',(-0.,-1.,0.));
#2080 = ADVANCED_FACE('',(#2081),#2092,.F.);
#2081 = FACE_BOUND('',#2082,.T.);
#2082 = EDGE_LOOP('',(#2083,#2084,#2090,#2091));
#2083 = ORIENTED_EDGE('',*,*,#427,.T.);
#2084 = ORIENTED_EDGE('',*,*,#2085,.T.);
#2085 = EDGE_CURVE('',#428,#1181,#2086,.T.);
#2086 = LINE('',#2087,#2088);
#2087 = CARTESIAN_POINT('',(7.,37.6,-4.6E-02));
#2088 = VECTOR('',#2089,1.);
#2089 = DIRECTION('',(0.,0.,1.));
#2090 = ORIENTED_EDGE('',*,*,#1180,.F.);
#2091 = ORIENTED_EDGE('',*,*,#2085,.F.);
#2092 = CYLINDRICAL_SURFACE('',#2093,0.4);
#2093 = AXIS2_PLACEMENT_3D('',#2094,#2095,#2096);
#2094 = CARTESIAN_POINT('',(7.,38.,-4.6E-02));
#2095 = DIRECTION('',(-0.,-0.,-1.));
#2096 = DIRECTION('',(-0.,-1.,0.));
#2097 = ADVANCED_FACE('',(#2098),#2109,.F.);
#2098 = FACE_BOUND('',#2099,.T.);
#2099 = EDGE_LOOP('',(#2100,#2101,#2107,#2108));
#2100 = ORIENTED_EDGE('',*,*,#438,.T.);
#2101 = ORIENTED_EDGE('',*,*,#2102,.T.);
#2102 = EDGE_CURVE('',#439,#1192,#2103,.T.);
#2103 = LINE('',#2104,#2105);
#2104 = CARTESIAN_POINT('',(9.5,37.6,-4.6E-02));
#2105 = VECTOR('',#2106,1.);
#2106 = DIRECTION('',(0.,0.,1.));
#2107 = ORIENTED_EDGE('',*,*,#1191,.F.);
#2108 = ORIENTED_EDGE('',*,*,#2102,.F.);
#2109 = CYLINDRICAL_SURFACE('',#2110,0.4);
#2110 = AXIS2_PLACEMENT_3D('',#2111,#2112,#2113);
#2111 = CARTESIAN_POINT('',(9.5,38.,-4.6E-02));
#2112 = DIRECTION('',(-0.,-0.,-1.));
#2113 = DIRECTION('',(-0.,-1.,0.));
#2114 = ADVANCED_FACE('',(#2115),#2131,.F.);
#2115 = FACE_BOUND('',#2116,.T.);
#2116 = EDGE_LOOP('',(#2117,#2118,#2124,#2125));
#2117 = ORIENTED_EDGE('',*,*,#449,.T.);
#2118 = ORIENTED_EDGE('',*,*,#2119,.T.);
#2119 = EDGE_CURVE('',#452,#1205,#2120,.T.);
#2120 = LINE('',#2121,#2122);
#2121 = CARTESIAN_POINT('',(10.2,44.8,-4.6E-02));
#2122 = VECTOR('',#2123,1.);
#2123 = DIRECTION('',(0.,0.,1.));
#2124 = ORIENTED_EDGE('',*,*,#1202,.F.);
#2125 = ORIENTED_EDGE('',*,*,#2126,.F.);
#2126 = EDGE_CURVE('',#450,#1203,#2127,.T.);
#2127 = LINE('',#2128,#2129);
#2128 = CARTESIAN_POINT('',(10.2,43.8,-4.6E-02));
#2129 = VECTOR('',#2130,1.);
#2130 = DIRECTION('',(0.,0.,1.));
#2131 = CYLINDRICAL_SURFACE('',#2132,0.5);
#2132 = AXIS2_PLACEMENT_3D('',#2133,#2134,#2135);
#2133 = CARTESIAN_POINT('',(10.2,44.3,-4.6E-02));
#2134 = DIRECTION('',(-0.,0.,-1.));
#2135 = DIRECTION('',(0.,1.,0.));
#2136 = ADVANCED_FACE('',(#2137),#2148,.T.);
#2137 = FACE_BOUND('',#2138,.T.);
#2138 = EDGE_LOOP('',(#2139,#2140,#2141,#2142));
#2139 = ORIENTED_EDGE('',*,*,#477,.T.);
#2140 = ORIENTED_EDGE('',*,*,#2126,.T.);
#2141 = ORIENTED_EDGE('',*,*,#1230,.F.);
#2142 = ORIENTED_EDGE('',*,*,#2143,.F.);
#2143 = EDGE_CURVE('',#469,#1222,#2144,.T.);
#2144 = LINE('',#2145,#2146);
#2145 = CARTESIAN_POINT('',(12.2,43.8,-4.6E-02));
#2146 = VECTOR('',#2147,1.);
#2147 = DIRECTION('',(0.,0.,1.));
#2148 = PLANE('',#2149);
#2149 = AXIS2_PLACEMENT_3D('',#2150,#2151,#2152);
#2150 = CARTESIAN_POINT('',(10.2,43.8,-4.6E-02));
#2151 = DIRECTION('',(0.,1.,0.));
#2152 = DIRECTION('',(1.,0.,0.));
#2153 = ADVANCED_FACE('',(#2154),#2165,.F.);
#2154 = FACE_BOUND('',#2155,.T.);
#2155 = EDGE_LOOP('',(#2156,#2157,#2158,#2159));
#2156 = ORIENTED_EDGE('',*,*,#468,.T.);
#2157 = ORIENTED_EDGE('',*,*,#2143,.T.);
#2158 = ORIENTED_EDGE('',*,*,#1221,.F.);
#2159 = ORIENTED_EDGE('',*,*,#2160,.F.);
#2160 = EDGE_CURVE('',#461,#1214,#2161,.T.);
#2161 = LINE('',#2162,#2163);
#2162 = CARTESIAN_POINT('',(12.2,44.8,-4.6E-02));
#2163 = VECTOR('',#2164,1.);
#2164 = DIRECTION('',(0.,0.,1.));
#2165 = CYLINDRICAL_SURFACE('',#2166,0.5);
#2166 = AXIS2_PLACEMENT_3D('',#2167,#2168,#2169);
#2167 = CARTESIAN_POINT('',(12.2,44.3,-4.6E-02));
#2168 = DIRECTION('',(-0.,-0.,-1.));
#2169 = DIRECTION('',(-0.,-1.,0.));
#2170 = ADVANCED_FACE('',(#2171),#2177,.T.);
#2171 = FACE_BOUND('',#2172,.T.);
#2172 = EDGE_LOOP('',(#2173,#2174,#2175,#2176));
#2173 = ORIENTED_EDGE('',*,*,#460,.T.);
#2174 = ORIENTED_EDGE('',*,*,#2160,.T.);
#2175 = ORIENTED_EDGE('',*,*,#1213,.F.);
#2176 = ORIENTED_EDGE('',*,*,#2119,.F.);
#2177 = PLANE('',#2178);
#2178 = AXIS2_PLACEMENT_3D('',#2179,#2180,#2181);
#2179 = CARTESIAN_POINT('',(12.2,44.8,-4.6E-02));
#2180 = DIRECTION('',(0.,-1.,0.));
#2181 = DIRECTION('',(-1.,0.,0.));
#2182 = ADVANCED_FACE('',(#2183),#2199,.F.);
#2183 = FACE_BOUND('',#2184,.T.);
#2184 = EDGE_LOOP('',(#2185,#2186,#2192,#2193));
#2185 = ORIENTED_EDGE('',*,*,#485,.T.);
#2186 = ORIENTED_EDGE('',*,*,#2187,.T.);
#2187 = EDGE_CURVE('',#488,#1241,#2188,.T.);
#2188 = LINE('',#2189,#2190);
#2189 = CARTESIAN_POINT('',(7.7,48.,-4.6E-02));
#2190 = VECTOR('',#2191,1.);
#2191 = DIRECTION('',(0.,0.,1.));
#2192 = ORIENTED_EDGE('',*,*,#1238,.F.);
#2193 = ORIENTED_EDGE('',*,*,#2194,.F.);
#2194 = EDGE_CURVE('',#486,#1239,#2195,.T.);
#2195 = LINE('',#2196,#2197);
#2196 = CARTESIAN_POINT('',(8.7,48.,-4.6E-02));
#2197 = VECTOR('',#2198,1.);
#2198 = DIRECTION('',(0.,0.,1.));
#2199 = CYLINDRICAL_SURFACE('',#2200,0.5);
#2200 = AXIS2_PLACEMENT_3D('',#2201,#2202,#2203);
#2201 = CARTESIAN_POINT('',(8.2,48.,-4.6E-02));
#2202 = DIRECTION('',(-0.,-0.,-1.));
#2203 = DIRECTION('',(-1.,0.,-0.));
#2204 = ADVANCED_FACE('',(#2205),#2216,.T.);
#2205 = FACE_BOUND('',#2206,.T.);
#2206 = EDGE_LOOP('',(#2207,#2208,#2209,#2210));
#2207 = ORIENTED_EDGE('',*,*,#513,.T.);
#2208 = ORIENTED_EDGE('',*,*,#2194,.T.);
#2209 = ORIENTED_EDGE('',*,*,#1266,.F.);
#2210 = ORIENTED_EDGE('',*,*,#2211,.F.);
#2211 = EDGE_CURVE('',#505,#1258,#2212,.T.);
#2212 = LINE('',#2213,#2214);
#2213 = CARTESIAN_POINT('',(8.7,50.,-4.6E-02));
#2214 = VECTOR('',#2215,1.);
#2215 = DIRECTION('',(0.,0.,1.));
#2216 = PLANE('',#2217);
#2217 = AXIS2_PLACEMENT_3D('',#2218,#2219,#2220);
#2218 = CARTESIAN_POINT('',(8.7,48.,-4.6E-02));
#2219 = DIRECTION('',(-1.,0.,0.));
#2220 = DIRECTION('',(0.,1.,0.));
#2221 = ADVANCED_FACE('',(#2222),#2233,.F.);
#2222 = FACE_BOUND('',#2223,.T.);
#2223 = EDGE_LOOP('',(#2224,#2225,#2226,#2227));
#2224 = ORIENTED_EDGE('',*,*,#504,.T.);
#2225 = ORIENTED_EDGE('',*,*,#2211,.T.);
#2226 = ORIENTED_EDGE('',*,*,#1257,.F.);
#2227 = ORIENTED_EDGE('',*,*,#2228,.F.);
#2228 = EDGE_CURVE('',#497,#1250,#2229,.T.);
#2229 = LINE('',#2230,#2231);
#2230 = CARTESIAN_POINT('',(7.7,50.,-4.6E-02));
#2231 = VECTOR('',#2232,1.);
#2232 = DIRECTION('',(0.,0.,1.));
#2233 = CYLINDRICAL_SURFACE('',#2234,0.5);
#2234 = AXIS2_PLACEMENT_3D('',#2235,#2236,#2237);
#2235 = CARTESIAN_POINT('',(8.2,50.,-4.6E-02));
#2236 = DIRECTION('',(-0.,-0.,-1.));
#2237 = DIRECTION('',(1.,0.,-0.));
#2238 = ADVANCED_FACE('',(#2239),#2245,.T.);
#2239 = FACE_BOUND('',#2240,.T.);
#2240 = EDGE_LOOP('',(#2241,#2242,#2243,#2244));
#2241 = ORIENTED_EDGE('',*,*,#496,.T.);
#2242 = ORIENTED_EDGE('',*,*,#2228,.T.);
#2243 = ORIENTED_EDGE('',*,*,#1249,.F.);
#2244 = ORIENTED_EDGE('',*,*,#2187,.F.);
#2245 = PLANE('',#2246);
#2246 = AXIS2_PLACEMENT_3D('',#2247,#2248,#2249);
#2247 = CARTESIAN_POINT('',(7.7,50.,-4.6E-02));
#2248 = DIRECTION('',(1.,0.,-0.));
#2249 = DIRECTION('',(0.,-1.,0.));
#2250 = ADVANCED_FACE('',(#2251),#2267,.F.);
#2251 = FACE_BOUND('',#2252,.T.);
#2252 = EDGE_LOOP('',(#2253,#2254,#2260,#2261));
#2253 = ORIENTED_EDGE('',*,*,#521,.T.);
#2254 = ORIENTED_EDGE('',*,*,#2255,.T.);
#2255 = EDGE_CURVE('',#524,#1277,#2256,.T.);
#2256 = LINE('',#2257,#2258);
#2257 = CARTESIAN_POINT('',(13.7,47.75,-4.6E-02));
#2258 = VECTOR('',#2259,1.);
#2259 = DIRECTION('',(0.,0.,1.));
#2260 = ORIENTED_EDGE('',*,*,#1274,.F.);
#2261 = ORIENTED_EDGE('',*,*,#2262,.F.);
#2262 = EDGE_CURVE('',#522,#1275,#2263,.T.);
#2263 = LINE('',#2264,#2265);
#2264 = CARTESIAN_POINT('',(14.7,47.75,-4.6E-02));
#2265 = VECTOR('',#2266,1.);
#2266 = DIRECTION('',(0.,0.,1.));
#2267 = CYLINDRICAL_SURFACE('',#2268,0.5);
#2268 = AXIS2_PLACEMENT_3D('',#2269,#2270,#2271);
#2269 = CARTESIAN_POINT('',(14.2,47.75,-4.6E-02));
#2270 = DIRECTION('',(-0.,-0.,-1.));
#2271 = DIRECTION('',(-1.,0.,-0.));
#2272 = ADVANCED_FACE('',(#2273),#2284,.T.);
#2273 = FACE_BOUND('',#2274,.T.);
#2274 = EDGE_LOOP('',(#2275,#2276,#2277,#2278));
#2275 = ORIENTED_EDGE('',*,*,#549,.T.);
#2276 = ORIENTED_EDGE('',*,*,#2262,.T.);
#2277 = ORIENTED_EDGE('',*,*,#1302,.F.);
#2278 = ORIENTED_EDGE('',*,*,#2279,.F.);
#2279 = EDGE_CURVE('',#541,#1294,#2280,.T.);
#2280 = LINE('',#2281,#2282);
#2281 = CARTESIAN_POINT('',(14.7,50.25,-4.6E-02));
#2282 = VECTOR('',#2283,1.);
#2283 = DIRECTION('',(0.,0.,1.));
#2284 = PLANE('',#2285);
#2285 = AXIS2_PLACEMENT_3D('',#2286,#2287,#2288);
#2286 = CARTESIAN_POINT('',(14.7,47.75,-4.6E-02));
#2287 = DIRECTION('',(-1.,0.,0.));
#2288 = DIRECTION('',(0.,1.,0.));
#2289 = ADVANCED_FACE('',(#2290),#2301,.F.);
#2290 = FACE_BOUND('',#2291,.T.);
#2291 = EDGE_LOOP('',(#2292,#2293,#2294,#2295));
#2292 = ORIENTED_EDGE('',*,*,#540,.T.);
#2293 = ORIENTED_EDGE('',*,*,#2279,.T.);
#2294 = ORIENTED_EDGE('',*,*,#1293,.F.);
#2295 = ORIENTED_EDGE('',*,*,#2296,.F.);
#2296 = EDGE_CURVE('',#533,#1286,#2297,.T.);
#2297 = LINE('',#2298,#2299);
#2298 = CARTESIAN_POINT('',(13.7,50.25,-4.6E-02));
#2299 = VECTOR('',#2300,1.);
#2300 = DIRECTION('',(0.,0.,1.));
#2301 = CYLINDRICAL_SURFACE('',#2302,0.5);
#2302 = AXIS2_PLACEMENT_3D('',#2303,#2304,#2305);
#2303 = CARTESIAN_POINT('',(14.2,50.25,-4.6E-02));
#2304 = DIRECTION('',(-0.,-0.,-1.));
#2305 = DIRECTION('',(1.,0.,-0.));
#2306 = ADVANCED_FACE('',(#2307),#2313,.T.);
#2307 = FACE_BOUND('',#2308,.T.);
#2308 = EDGE_LOOP('',(#2309,#2310,#2311,#2312));
#2309 = ORIENTED_EDGE('',*,*,#532,.T.);
#2310 = ORIENTED_EDGE('',*,*,#2296,.T.);
#2311 = ORIENTED_EDGE('',*,*,#1285,.F.);
#2312 = ORIENTED_EDGE('',*,*,#2255,.F.);
#2313 = PLANE('',#2314);
#2314 = AXIS2_PLACEMENT_3D('',#2315,#2316,#2317);
#2315 = CARTESIAN_POINT('',(13.7,50.25,-4.6E-02));
#2316 = DIRECTION('',(1.,0.,-0.));
#2317 = DIRECTION('',(0.,-1.,0.));
#2318 = ADVANCED_FACE('',(#2319),#2330,.F.);
#2319 = FACE_BOUND('',#2320,.T.);
#2320 = EDGE_LOOP('',(#2321,#2322,#2328,#2329));
#2321 = ORIENTED_EDGE('',*,*,#557,.T.);
#2322 = ORIENTED_EDGE('',*,*,#2323,.T.);
#2323 = EDGE_CURVE('',#558,#1311,#2324,.T.);
#2324 = LINE('',#2325,#2326);
#2325 = CARTESIAN_POINT('',(3.5,58.9,-4.6E-02));
#2326 = VECTOR('',#2327,1.);
#2327 = DIRECTION('',(0.,0.,1.));
#2328 = ORIENTED_EDGE('',*,*,#1310,.F.);
#2329 = ORIENTED_EDGE('',*,*,#2323,.F.);
#2330 = CYLINDRICAL_SURFACE('',#2331,1.6);
#2331 = AXIS2_PLACEMENT_3D('',#2332,#2333,#2334);
#2332 = CARTESIAN_POINT('',(3.5,60.5,-4.6E-02));
#2333 = DIRECTION('',(-0.,-0.,-1.));
#2334 = DIRECTION('',(-0.,-1.,0.));
#2335 = ADVANCED_FACE('',(#2336),#2347,.F.);
#2336 = FACE_BOUND('',#2337,.T.);
#2337 = EDGE_LOOP('',(#2338,#2339,#2345,#2346));
#2338 = ORIENTED_EDGE('',*,*,#568,.T.);
#2339 = ORIENTED_EDGE('',*,*,#2340,.T.);
#2340 = EDGE_CURVE('',#569,#1322,#2341,.T.);
#2341 = LINE('',#2342,#2343);
#2342 = CARTESIAN_POINT('',(10.,59.924,-4.6E-02));
#2343 = VECTOR('',#2344,1.);
#2344 = DIRECTION('',(0.,0.,1.));
#2345 = ORIENTED_EDGE('',*,*,#1321,.F.);
#2346 = ORIENTED_EDGE('',*,*,#2340,.F.);
#2347 = CYLINDRICAL_SURFACE('',#2348,0.576);
#2348 = AXIS2_PLACEMENT_3D('',#2349,#2350,#2351);
#2349 = CARTESIAN_POINT('',(10.,60.5,-4.6E-02));
#2350 = DIRECTION('',(-0.,-0.,-1.));
#2351 = DIRECTION('',(-0.,-1.,0.));
#2352 = ADVANCED_FACE('',(#2353),#2369,.F.);
#2353 = FACE_BOUND('',#2354,.T.);
#2354 = EDGE_LOOP('',(#2355,#2356,#2362,#2363));
#2355 = ORIENTED_EDGE('',*,*,#579,.T.);
#2356 = ORIENTED_EDGE('',*,*,#2357,.T.);
#2357 = EDGE_CURVE('',#582,#1335,#2358,.T.);
#2358 = LINE('',#2359,#2360);
#2359 = CARTESIAN_POINT('',(64.22,35.38,-4.6E-02));
#2360 = VECTOR('',#2361,1.);
#2361 = DIRECTION('',(0.,0.,1.));
#2362 = ORIENTED_EDGE('',*,*,#1332,.F.);
#2363 = ORIENTED_EDGE('',*,*,#2364,.F.);
#2364 = EDGE_CURVE('',#580,#1333,#2365,.T.);
#2365 = LINE('',#2366,#2367);
#2366 = CARTESIAN_POINT('',(64.22,35.98,-4.6E-02));
#2367 = VECTOR('',#2368,1.);
#2368 = DIRECTION('',(0.,0.,1.));
#2369 = CYLINDRICAL_SURFACE('',#2370,0.3);
#2370 = AXIS2_PLACEMENT_3D('',#2371,#2372,#2373);
#2371 = CARTESIAN_POINT('',(64.22,35.68,-4.6E-02));
#2372 = DIRECTION('',(-0.,-0.,-1.));
#2373 = DIRECTION('',(-0.,-1.,0.));
#2374 = ADVANCED_FACE('',(#2375),#2386,.T.);
#2375 = FACE_BOUND('',#2376,.T.);
#2376 = EDGE_LOOP('',(#2377,#2378,#2379,#2380));
#2377 = ORIENTED_EDGE('',*,*,#607,.T.);
#2378 = ORIENTED_EDGE('',*,*,#2364,.T.);
#2379 = ORIENTED_EDGE('',*,*,#1360,.F.);
#2380 = ORIENTED_EDGE('',*,*,#2381,.F.);
#2381 = EDGE_CURVE('',#599,#1352,#2382,.T.);
#2382 = LINE('',#2383,#2384);
#2383 = CARTESIAN_POINT('',(63.12,35.98,-4.6E-02));
#2384 = VECTOR('',#2385,1.);
#2385 = DIRECTION('',(0.,0.,1.));
#2386 = PLANE('',#2387);
#2387 = AXIS2_PLACEMENT_3D('',#2388,#2389,#2390);
#2388 = CARTESIAN_POINT('',(64.22,35.98,-4.6E-02));
#2389 = DIRECTION('',(0.,-1.,0.));
#2390 = DIRECTION('',(-1.,0.,0.));
#2391 = ADVANCED_FACE('',(#2392),#2403,.F.);
#2392 = FACE_BOUND('',#2393,.T.);
#2393 = EDGE_LOOP('',(#2394,#2395,#2396,#2397));
#2394 = ORIENTED_EDGE('',*,*,#598,.T.);
#2395 = ORIENTED_EDGE('',*,*,#2381,.T.);
#2396 = ORIENTED_EDGE('',*,*,#1351,.F.);
#2397 = ORIENTED_EDGE('',*,*,#2398,.F.);
#2398 = EDGE_CURVE('',#591,#1344,#2399,.T.);
#2399 = LINE('',#2400,#2401);
#2400 = CARTESIAN_POINT('',(63.12,35.38,-4.6E-02));
#2401 = VECTOR('',#2402,1.);
#2402 = DIRECTION('',(0.,0.,1.));
#2403 = CYLINDRICAL_SURFACE('',#2404,0.3);
#2404 = AXIS2_PLACEMENT_3D('',#2405,#2406,#2407);
#2405 = CARTESIAN_POINT('',(63.12,35.68,-4.6E-02));
#2406 = DIRECTION('',(-0.,0.,-1.));
#2407 = DIRECTION('',(0.,1.,0.));
#2408 = ADVANCED_FACE('',(#2409),#2415,.T.);
#2409 = FACE_BOUND('',#2410,.T.);
#2410 = EDGE_LOOP('',(#2411,#2412,#2413,#2414));
#2411 = ORIENTED_EDGE('',*,*,#590,.T.);
#2412 = ORIENTED_EDGE('',*,*,#2398,.T.);
#2413 = ORIENTED_EDGE('',*,*,#1343,.F.);
#2414 = ORIENTED_EDGE('',*,*,#2357,.F.);
#2415 = PLANE('',#2416);
#2416 = AXIS2_PLACEMENT_3D('',#2417,#2418,#2419);
#2417 = CARTESIAN_POINT('',(63.12,35.38,-4.6E-02));
#2418 = DIRECTION('',(0.,1.,0.));
#2419 = DIRECTION('',(1.,0.,0.));
#2420 = ADVANCED_FACE('',(#2421),#2437,.F.);
#2421 = FACE_BOUND('',#2422,.T.);
#2422 = EDGE_LOOP('',(#2423,#2424,#2430,#2431));
#2423 = ORIENTED_EDGE('',*,*,#615,.T.);
#2424 = ORIENTED_EDGE('',*,*,#2425,.T.);
#2425 = EDGE_CURVE('',#618,#1371,#2426,.T.);
#2426 = LINE('',#2427,#2428);
#2427 = CARTESIAN_POINT('',(68.15,35.38,-4.6E-02));
#2428 = VECTOR('',#2429,1.);
#2429 = DIRECTION('',(0.,0.,1.));
#2430 = ORIENTED_EDGE('',*,*,#1368,.F.);
#2431 = ORIENTED_EDGE('',*,*,#2432,.F.);
#2432 = EDGE_CURVE('',#616,#1369,#2433,.T.);
#2433 = LINE('',#2434,#2435);
#2434 = CARTESIAN_POINT('',(68.15,35.98,-4.6E-02));
#2435 = VECTOR('',#2436,1.);
#2436 = DIRECTION('',(0.,0.,1.));
#2437 = CYLINDRICAL_SURFACE('',#2438,0.3);
#2438 = AXIS2_PLACEMENT_3D('',#2439,#2440,#2441);
#2439 = CARTESIAN_POINT('',(68.15,35.68,-4.6E-02));
#2440 = DIRECTION('',(-0.,-0.,-1.));
#2441 = DIRECTION('',(-0.,-1.,0.));
#2442 = ADVANCED_FACE('',(#2443),#2454,.T.);
#2443 = FACE_BOUND('',#2444,.T.);
#2444 = EDGE_LOOP('',(#2445,#2446,#2447,#2448));
#2445 = ORIENTED_EDGE('',*,*,#643,.T.);
#2446 = ORIENTED_EDGE('',*,*,#2432,.T.);
#2447 = ORIENTED_EDGE('',*,*,#1396,.F.);
#2448 = ORIENTED_EDGE('',*,*,#2449,.F.);
#2449 = EDGE_CURVE('',#635,#1388,#2450,.T.);
#2450 = LINE('',#2451,#2452);
#2451 = CARTESIAN_POINT('',(67.55,35.98,-4.6E-02));
#2452 = VECTOR('',#2453,1.);
#2453 = DIRECTION('',(0.,0.,1.));
#2454 = PLANE('',#2455);
#2455 = AXIS2_PLACEMENT_3D('',#2456,#2457,#2458);
#2456 = CARTESIAN_POINT('',(68.15,35.98,-4.6E-02));
#2457 = DIRECTION('',(0.,-1.,0.));
#2458 = DIRECTION('',(-1.,0.,0.));
#2459 = ADVANCED_FACE('',(#2460),#2471,.F.);
#2460 = FACE_BOUND('',#2461,.T.);
#2461 = EDGE_LOOP('',(#2462,#2463,#2464,#2465));
#2462 = ORIENTED_EDGE('',*,*,#634,.T.);
#2463 = ORIENTED_EDGE('',*,*,#2449,.T.);
#2464 = ORIENTED_EDGE('',*,*,#1387,.F.);
#2465 = ORIENTED_EDGE('',*,*,#2466,.F.);
#2466 = EDGE_CURVE('',#627,#1380,#2467,.T.);
#2467 = LINE('',#2468,#2469);
#2468 = CARTESIAN_POINT('',(67.55,35.38,-4.6E-02));
#2469 = VECTOR('',#2470,1.);
#2470 = DIRECTION('',(0.,0.,1.));
#2471 = CYLINDRICAL_SURFACE('',#2472,0.3);
#2472 = AXIS2_PLACEMENT_3D('',#2473,#2474,#2475);
#2473 = CARTESIAN_POINT('',(67.55,35.68,-4.6E-02));
#2474 = DIRECTION('',(-0.,-0.,-1.));
#2475 = DIRECTION('',(-4.736951571734E-14,1.,0.));
#2476 = ADVANCED_FACE('',(#2477),#2483,.T.);
#2477 = FACE_BOUND('',#2478,.T.);
#2478 = EDGE_LOOP('',(#2479,#2480,#2481,#2482));
#2479 = ORIENTED_EDGE('',*,*,#626,.T.);
#2480 = ORIENTED_EDGE('',*,*,#2466,.T.);
#2481 = ORIENTED_EDGE('',*,*,#1379,.F.);
#2482 = ORIENTED_EDGE('',*,*,#2425,.F.);
#2483 = PLANE('',#2484);
#2484 = AXIS2_PLACEMENT_3D('',#2485,#2486,#2487);
#2485 = CARTESIAN_POINT('',(67.55,35.38,-4.6E-02));
#2486 = DIRECTION('',(0.,1.,0.));
#2487 = DIRECTION('',(1.,0.,0.));
#2488 = ADVANCED_FACE('',(#2489),#2500,.F.);
#2489 = FACE_BOUND('',#2490,.T.);
#2490 = EDGE_LOOP('',(#2491,#2492,#2498,#2499));
#2491 = ORIENTED_EDGE('',*,*,#651,.T.);
#2492 = ORIENTED_EDGE('',*,*,#2493,.T.);
#2493 = EDGE_CURVE('',#652,#1405,#2494,.T.);
#2494 = LINE('',#2495,#2496);
#2495 = CARTESIAN_POINT('',(64.2,36.785,-4.6E-02));
#2496 = VECTOR('',#2497,1.);
#2497 = DIRECTION('',(0.,0.,1.));
#2498 = ORIENTED_EDGE('',*,*,#1404,.F.);
#2499 = ORIENTED_EDGE('',*,*,#2493,.F.);
#2500 = CYLINDRICAL_SURFACE('',#2501,0.325);
#2501 = AXIS2_PLACEMENT_3D('',#2502,#2503,#2504);
#2502 = CARTESIAN_POINT('',(64.2,37.11,-4.6E-02));
#2503 = DIRECTION('',(-0.,-0.,-1.));
#2504 = DIRECTION('',(-0.,-1.,0.));
#2505 = ADVANCED_FACE('',(#2506),#2517,.F.);
#2506 = FACE_BOUND('',#2507,.T.);
#2507 = EDGE_LOOP('',(#2508,#2509,#2515,#2516));
#2508 = ORIENTED_EDGE('',*,*,#662,.T.);
#2509 = ORIENTED_EDGE('',*,*,#2510,.T.);
#2510 = EDGE_CURVE('',#663,#1416,#2511,.T.);
#2511 = LINE('',#2512,#2513);
#2512 = CARTESIAN_POINT('',(64.2,42.565,-4.6E-02));
#2513 = VECTOR('',#2514,1.);
#2514 = DIRECTION('',(0.,0.,1.));
#2515 = ORIENTED_EDGE('',*,*,#1415,.F.);
#2516 = ORIENTED_EDGE('',*,*,#2510,.F.);
#2517 = CYLINDRICAL_SURFACE('',#2518,0.325);
#2518 = AXIS2_PLACEMENT_3D('',#2519,#2520,#2521);
#2519 = CARTESIAN_POINT('',(64.2,42.89,-4.6E-02));
#2520 = DIRECTION('',(-0.,-0.,-1.));
#2521 = DIRECTION('',(-0.,-1.,0.));
#2522 = ADVANCED_FACE('',(#2523),#2539,.F.);
#2523 = FACE_BOUND('',#2524,.T.);
#2524 = EDGE_LOOP('',(#2525,#2526,#2532,#2533));
#2525 = ORIENTED_EDGE('',*,*,#673,.T.);
#2526 = ORIENTED_EDGE('',*,*,#2527,.T.);
#2527 = EDGE_CURVE('',#676,#1429,#2528,.T.);
#2528 = LINE('',#2529,#2530);
#2529 = CARTESIAN_POINT('',(64.22,44.02,-4.6E-02));
#2530 = VECTOR('',#2531,1.);
#2531 = DIRECTION('',(0.,0.,1.));
#2532 = ORIENTED_EDGE('',*,*,#1426,.F.);
#2533 = ORIENTED_EDGE('',*,*,#2534,.F.);
#2534 = EDGE_CURVE('',#674,#1427,#2535,.T.);
#2535 = LINE('',#2536,#2537);
#2536 = CARTESIAN_POINT('',(64.22,44.62,-4.6E-02));
#2537 = VECTOR('',#2538,1.);
#2538 = DIRECTION('',(0.,0.,1.));
#2539 = CYLINDRICAL_SURFACE('',#2540,0.3);
#2540 = AXIS2_PLACEMENT_3D('',#2541,#2542,#2543);
#2541 = CARTESIAN_POINT('',(64.22,44.32,-4.6E-02));
#2542 = DIRECTION('',(-0.,-0.,-1.));
#2543 = DIRECTION('',(-0.,-1.,0.));
#2544 = ADVANCED_FACE('',(#2545),#2556,.T.);
#2545 = FACE_BOUND('',#2546,.T.);
#2546 = EDGE_LOOP('',(#2547,#2548,#2549,#2550));
#2547 = ORIENTED_EDGE('',*,*,#701,.T.);
#2548 = ORIENTED_EDGE('',*,*,#2534,.T.);
#2549 = ORIENTED_EDGE('',*,*,#1454,.F.);
#2550 = ORIENTED_EDGE('',*,*,#2551,.F.);
#2551 = EDGE_CURVE('',#693,#1446,#2552,.T.);
#2552 = LINE('',#2553,#2554);
#2553 = CARTESIAN_POINT('',(63.12,44.62,-4.6E-02));
#2554 = VECTOR('',#2555,1.);
#2555 = DIRECTION('',(0.,0.,1.));
#2556 = PLANE('',#2557);
#2557 = AXIS2_PLACEMENT_3D('',#2558,#2559,#2560);
#2558 = CARTESIAN_POINT('',(64.22,44.62,-4.6E-02));
#2559 = DIRECTION('',(0.,-1.,0.));
#2560 = DIRECTION('',(-1.,0.,0.));
#2561 = ADVANCED_FACE('',(#2562),#2573,.F.);
#2562 = FACE_BOUND('',#2563,.T.);
#2563 = EDGE_LOOP('',(#2564,#2565,#2566,#2567));
#2564 = ORIENTED_EDGE('',*,*,#692,.T.);
#2565 = ORIENTED_EDGE('',*,*,#2551,.T.);
#2566 = ORIENTED_EDGE('',*,*,#1445,.F.);
#2567 = ORIENTED_EDGE('',*,*,#2568,.F.);
#2568 = EDGE_CURVE('',#685,#1438,#2569,.T.);
#2569 = LINE('',#2570,#2571);
#2570 = CARTESIAN_POINT('',(63.12,44.02,-4.6E-02));
#2571 = VECTOR('',#2572,1.);
#2572 = DIRECTION('',(0.,0.,1.));
#2573 = CYLINDRICAL_SURFACE('',#2574,0.3);
#2574 = AXIS2_PLACEMENT_3D('',#2575,#2576,#2577);
#2575 = CARTESIAN_POINT('',(63.12,44.32,-4.6E-02));
#2576 = DIRECTION('',(-0.,0.,-1.));
#2577 = DIRECTION('',(0.,1.,0.));
#2578 = ADVANCED_FACE('',(#2579),#2585,.T.);
#2579 = FACE_BOUND('',#2580,.T.);
#2580 = EDGE_LOOP('',(#2581,#2582,#2583,#2584));
#2581 = ORIENTED_EDGE('',*,*,#684,.T.);
#2582 = ORIENTED_EDGE('',*,*,#2568,.T.);
#2583 = ORIENTED_EDGE('',*,*,#1437,.F.);
#2584 = ORIENTED_EDGE('',*,*,#2527,.F.);
#2585 = PLANE('',#2586);
#2586 = AXIS2_PLACEMENT_3D('',#2587,#2588,#2589);
#2587 = CARTESIAN_POINT('',(63.12,44.02,-4.6E-02));
#2588 = DIRECTION('',(0.,1.,0.));
#2589 = DIRECTION('',(1.,0.,0.));
#2590 = ADVANCED_FACE('',(#2591),#2607,.F.);
#2591 = FACE_BOUND('',#2592,.T.);
#2592 = EDGE_LOOP('',(#2593,#2594,#2600,#2601));
#2593 = ORIENTED_EDGE('',*,*,#709,.T.);
#2594 = ORIENTED_EDGE('',*,*,#2595,.T.);
#2595 = EDGE_CURVE('',#712,#1465,#2596,.T.);
#2596 = LINE('',#2597,#2598);
#2597 = CARTESIAN_POINT('',(68.15,44.02,-4.6E-02));
#2598 = VECTOR('',#2599,1.);
#2599 = DIRECTION('',(0.,0.,1.));
#2600 = ORIENTED_EDGE('',*,*,#1462,.F.);
#2601 = ORIENTED_EDGE('',*,*,#2602,.F.);
#2602 = EDGE_CURVE('',#710,#1463,#2603,.T.);
#2603 = LINE('',#2604,#2605);
#2604 = CARTESIAN_POINT('',(68.15,44.62,-4.6E-02));
#2605 = VECTOR('',#2606,1.);
#2606 = DIRECTION('',(0.,0.,1.));
#2607 = CYLINDRICAL_SURFACE('',#2608,0.3);
#2608 = AXIS2_PLACEMENT_3D('',#2609,#2610,#2611);
#2609 = CARTESIAN_POINT('',(68.15,44.32,-4.6E-02));
#2610 = DIRECTION('',(-0.,-0.,-1.));
#2611 = DIRECTION('',(-0.,-1.,0.));
#2612 = ADVANCED_FACE('',(#2613),#2624,.T.);
#2613 = FACE_BOUND('',#2614,.T.);
#2614 = EDGE_LOOP('',(#2615,#2616,#2617,#2618));
#2615 = ORIENTED_EDGE('',*,*,#737,.T.);
#2616 = ORIENTED_EDGE('',*,*,#2602,.T.);
#2617 = ORIENTED_EDGE('',*,*,#1490,.F.);
#2618 = ORIENTED_EDGE('',*,*,#2619,.F.);
#2619 = EDGE_CURVE('',#729,#1482,#2620,.T.);
#2620 = LINE('',#2621,#2622);
#2621 = CARTESIAN_POINT('',(67.55,44.62,-4.6E-02));
#2622 = VECTOR('',#2623,1.);
#2623 = DIRECTION('',(0.,0.,1.));
#2624 = PLANE('',#2625);
#2625 = AXIS2_PLACEMENT_3D('',#2626,#2627,#2628);
#2626 = CARTESIAN_POINT('',(68.15,44.62,-4.6E-02));
#2627 = DIRECTION('',(0.,-1.,0.));
#2628 = DIRECTION('',(-1.,0.,0.));
#2629 = ADVANCED_FACE('',(#2630),#2641,.F.);
#2630 = FACE_BOUND('',#2631,.T.);
#2631 = EDGE_LOOP('',(#2632,#2633,#2634,#2635));
#2632 = ORIENTED_EDGE('',*,*,#728,.T.);
#2633 = ORIENTED_EDGE('',*,*,#2619,.T.);
#2634 = ORIENTED_EDGE('',*,*,#1481,.F.);
#2635 = ORIENTED_EDGE('',*,*,#2636,.F.);
#2636 = EDGE_CURVE('',#721,#1474,#2637,.T.);
#2637 = LINE('',#2638,#2639);
#2638 = CARTESIAN_POINT('',(67.55,44.02,-4.6E-02));
#2639 = VECTOR('',#2640,1.);
#2640 = DIRECTION('',(0.,0.,1.));
#2641 = CYLINDRICAL_SURFACE('',#2642,0.3);
#2642 = AXIS2_PLACEMENT_3D('',#2643,#2644,#2645);
#2643 = CARTESIAN_POINT('',(67.55,44.32,-4.6E-02));
#2644 = DIRECTION('',(-0.,-0.,-1.));
#2645 = DIRECTION('',(-4.736951571734E-14,1.,0.));
#2646 = ADVANCED_FACE('',(#2647),#2653,.T.);
#2647 = FACE_BOUND('',#2648,.T.);
#2648 = EDGE_LOOP('',(#2649,#2650,#2651,#2652));
#2649 = ORIENTED_EDGE('',*,*,#720,.T.);
#2650 = ORIENTED_EDGE('',*,*,#2636,.T.);
#2651 = ORIENTED_EDGE('',*,*,#1473,.F.);
#2652 = ORIENTED_EDGE('',*,*,#2595,.F.);
#2653 = PLANE('',#2654);
#2654 = AXIS2_PLACEMENT_3D('',#2655,#2656,#2657);
#2655 = CARTESIAN_POINT('',(67.55,44.02,-4.6E-02));
#2656 = DIRECTION('',(0.,1.,0.));
#2657 = DIRECTION('',(1.,0.,0.));
#2658 = ADVANCED_FACE('',(#2659),#2670,.F.);
#2659 = FACE_BOUND('',#2660,.T.);
#2660 = EDGE_LOOP('',(#2661,#2662,#2668,#2669));
#2661 = ORIENTED_EDGE('',*,*,#745,.T.);
#2662 = ORIENTED_EDGE('',*,*,#2663,.T.);
#2663 = EDGE_CURVE('',#746,#1499,#2664,.T.);
#2664 = LINE('',#2665,#2666);
#2665 = CARTESIAN_POINT('',(43.41,47.55,-4.6E-02));
#2666 = VECTOR('',#2667,1.);
#2667 = DIRECTION('',(0.,0.,1.));
#2668 = ORIENTED_EDGE('',*,*,#1498,.F.);
#2669 = ORIENTED_EDGE('',*,*,#2663,.F.);
#2670 = CYLINDRICAL_SURFACE('',#2671,0.15);
#2671 = AXIS2_PLACEMENT_3D('',#2672,#2673,#2674);
#2672 = CARTESIAN_POINT('',(43.41,47.7,-4.6E-02));
#2673 = DIRECTION('',(-0.,-0.,-1.));
#2674 = DIRECTION('',(-0.,-1.,0.));
#2675 = ADVANCED_FACE('',(#2676),#2687,.F.);
#2676 = FACE_BOUND('',#2677,.T.);
#2677 = EDGE_LOOP('',(#2678,#2679,#2685,#2686));
#2678 = ORIENTED_EDGE('',*,*,#756,.T.);
#2679 = ORIENTED_EDGE('',*,*,#2680,.T.);
#2680 = EDGE_CURVE('',#757,#1510,#2681,.T.);
#2681 = LINE('',#2682,#2683);
#2682 = CARTESIAN_POINT('',(42.86,48.1,-4.6E-02));
#2683 = VECTOR('',#2684,1.);
#2684 = DIRECTION('',(0.,0.,1.));
#2685 = ORIENTED_EDGE('',*,*,#1509,.F.);
#2686 = ORIENTED_EDGE('',*,*,#2680,.F.);
#2687 = CYLINDRICAL_SURFACE('',#2688,0.15);
#2688 = AXIS2_PLACEMENT_3D('',#2689,#2690,#2691);
#2689 = CARTESIAN_POINT('',(42.86,48.25,-4.6E-02));
#2690 = DIRECTION('',(-0.,-0.,-1.));
#2691 = DIRECTION('',(-0.,-1.,0.));
#2692 = ADVANCED_FACE('',(#2693),#2704,.F.);
#2693 = FACE_BOUND('',#2694,.T.);
#2694 = EDGE_LOOP('',(#2695,#2696,#2702,#2703));
#2695 = ORIENTED_EDGE('',*,*,#767,.T.);
#2696 = ORIENTED_EDGE('',*,*,#2697,.T.);
#2697 = EDGE_CURVE('',#768,#1521,#2698,.T.);
#2698 = LINE('',#2699,#2700);
#2699 = CARTESIAN_POINT('',(43.41,48.65,-4.6E-02));
#2700 = VECTOR('',#2701,1.);
#2701 = DIRECTION('',(0.,0.,1.));
#2702 = ORIENTED_EDGE('',*,*,#1520,.F.);
#2703 = ORIENTED_EDGE('',*,*,#2697,.F.);
#2704 = CYLINDRICAL_SURFACE('',#2705,0.15);
#2705 = AXIS2_PLACEMENT_3D('',#2706,#2707,#2708);
#2706 = CARTESIAN_POINT('',(43.41,48.8,-4.6E-02));
#2707 = DIRECTION('',(-0.,-0.,-1.));
#2708 = DIRECTION('',(-0.,-1.,0.));
#2709 = ADVANCED_FACE('',(#2710),#2721,.F.);
#2710 = FACE_BOUND('',#2711,.T.);
#2711 = EDGE_LOOP('',(#2712,#2713,#2719,#2720));
#2712 = ORIENTED_EDGE('',*,*,#778,.T.);
#2713 = ORIENTED_EDGE('',*,*,#2714,.T.);
#2714 = EDGE_CURVE('',#779,#1532,#2715,.T.);
#2715 = LINE('',#2716,#2717);
#2716 = CARTESIAN_POINT('',(42.86,49.2,-4.6E-02));
#2717 = VECTOR('',#2718,1.);
#2718 = DIRECTION('',(0.,0.,1.));
#2719 = ORIENTED_EDGE('',*,*,#1531,.F.);
#2720 = ORIENTED_EDGE('',*,*,#2714,.F.);
#2721 = CYLINDRICAL_SURFACE('',#2722,0.15);
#2722 = AXIS2_PLACEMENT_3D('',#2723,#2724,#2725);
#2723 = CARTESIAN_POINT('',(42.86,49.35,-4.6E-02));
#2724 = DIRECTION('',(-0.,-0.,-1.));
#2725 = DIRECTION('',(-0.,-1.,0.));
#2726 = ADVANCED_FACE('',(#2727),#2738,.F.);
#2727 = FACE_BOUND('',#2728,.T.);
#2728 = EDGE_LOOP('',(#2729,#2730,#2736,#2737));
#2729 = ORIENTED_EDGE('',*,*,#789,.T.);
#2730 = ORIENTED_EDGE('',*,*,#2731,.T.);
#2731 = EDGE_CURVE('',#790,#1543,#2732,.T.);
#2732 = LINE('',#2733,#2734);
#2733 = CARTESIAN_POINT('',(43.41,49.75,-4.6E-02));
#2734 = VECTOR('',#2735,1.);
#2735 = DIRECTION('',(0.,0.,1.));
#2736 = ORIENTED_EDGE('',*,*,#1542,.F.);
#2737 = ORIENTED_EDGE('',*,*,#2731,.F.);
#2738 = CYLINDRICAL_SURFACE('',#2739,0.15);
#2739 = AXIS2_PLACEMENT_3D('',#2740,#2741,#2742);
#2740 = CARTESIAN_POINT('',(43.41,49.9,-4.6E-02));
#2741 = DIRECTION('',(-0.,-0.,-1.));
#2742 = DIRECTION('',(-0.,-1.,0.));
#2743 = ADVANCED_FACE('',(#2744),#2755,.F.);
#2744 = FACE_BOUND('',#2745,.T.);
#2745 = EDGE_LOOP('',(#2746,#2747,#2753,#2754));
#2746 = ORIENTED_EDGE('',*,*,#800,.T.);
#2747 = ORIENTED_EDGE('',*,*,#2748,.T.);
#2748 = EDGE_CURVE('',#801,#1554,#2749,.T.);
#2749 = LINE('',#2750,#2751);
#2750 = CARTESIAN_POINT('',(44.51,47.55,-4.6E-02));
#2751 = VECTOR('',#2752,1.);
#2752 = DIRECTION('',(0.,0.,1.));
#2753 = ORIENTED_EDGE('',*,*,#1553,.F.);
#2754 = ORIENTED_EDGE('',*,*,#2748,.F.);
#2755 = CYLINDRICAL_SURFACE('',#2756,0.15);
#2756 = AXIS2_PLACEMENT_3D('',#2757,#2758,#2759);
#2757 = CARTESIAN_POINT('',(44.51,47.7,-4.6E-02));
#2758 = DIRECTION('',(-0.,-0.,-1.));
#2759 = DIRECTION('',(-0.,-1.,0.));
#2760 = ADVANCED_FACE('',(#2761),#2772,.F.);
#2761 = FACE_BOUND('',#2762,.T.);
#2762 = EDGE_LOOP('',(#2763,#2764,#2770,#2771));
#2763 = ORIENTED_EDGE('',*,*,#811,.T.);
#2764 = ORIENTED_EDGE('',*,*,#2765,.T.);
#2765 = EDGE_CURVE('',#812,#1565,#2766,.T.);
#2766 = LINE('',#2767,#2768);
#2767 = CARTESIAN_POINT('',(43.96,48.1,-4.6E-02));
#2768 = VECTOR('',#2769,1.);
#2769 = DIRECTION('',(0.,0.,1.));
#2770 = ORIENTED_EDGE('',*,*,#1564,.F.);
#2771 = ORIENTED_EDGE('',*,*,#2765,.F.);
#2772 = CYLINDRICAL_SURFACE('',#2773,0.15);
#2773 = AXIS2_PLACEMENT_3D('',#2774,#2775,#2776);
#2774 = CARTESIAN_POINT('',(43.96,48.25,-4.6E-02));
#2775 = DIRECTION('',(-0.,-0.,-1.));
#2776 = DIRECTION('',(-0.,-1.,0.));
#2777 = ADVANCED_FACE('',(#2778),#2789,.F.);
#2778 = FACE_BOUND('',#2779,.T.);
#2779 = EDGE_LOOP('',(#2780,#2781,#2787,#2788));
#2780 = ORIENTED_EDGE('',*,*,#822,.T.);
#2781 = ORIENTED_EDGE('',*,*,#2782,.T.);
#2782 = EDGE_CURVE('',#823,#1576,#2783,.T.);
#2783 = LINE('',#2784,#2785);
#2784 = CARTESIAN_POINT('',(44.51,48.65,-4.6E-02));
#2785 = VECTOR('',#2786,1.);
#2786 = DIRECTION('',(0.,0.,1.));
#2787 = ORIENTED_EDGE('',*,*,#1575,.F.);
#2788 = ORIENTED_EDGE('',*,*,#2782,.F.);
#2789 = CYLINDRICAL_SURFACE('',#2790,0.15);
#2790 = AXIS2_PLACEMENT_3D('',#2791,#2792,#2793);
#2791 = CARTESIAN_POINT('',(44.51,48.8,-4.6E-02));
#2792 = DIRECTION('',(-0.,-0.,-1.));
#2793 = DIRECTION('',(-0.,-1.,0.));
#2794 = ADVANCED_FACE('',(#2795),#2806,.F.);
#2795 = FACE_BOUND('',#2796,.T.);
#2796 = EDGE_LOOP('',(#2797,#2798,#2804,#2805));
#2797 = ORIENTED_EDGE('',*,*,#833,.T.);
#2798 = ORIENTED_EDGE('',*,*,#2799,.T.);
#2799 = EDGE_CURVE('',#834,#1587,#2800,.T.);
#2800 = LINE('',#2801,#2802);
#2801 = CARTESIAN_POINT('',(45.06,48.1,-4.6E-02));
#2802 = VECTOR('',#2803,1.);
#2803 = DIRECTION('',(0.,0.,1.));
#2804 = ORIENTED_EDGE('',*,*,#1586,.F.);
#2805 = ORIENTED_EDGE('',*,*,#2799,.F.);
#2806 = CYLINDRICAL_SURFACE('',#2807,0.15);
#2807 = AXIS2_PLACEMENT_3D('',#2808,#2809,#2810);
#2808 = CARTESIAN_POINT('',(45.06,48.25,-4.6E-02));
#2809 = DIRECTION('',(-0.,-0.,-1.));
#2810 = DIRECTION('',(-0.,-1.,0.));
#2811 = ADVANCED_FACE('',(#2812),#2823,.F.);
#2812 = FACE_BOUND('',#2813,.T.);
#2813 = EDGE_LOOP('',(#2814,#2815,#2821,#2822));
#2814 = ORIENTED_EDGE('',*,*,#844,.T.);
#2815 = ORIENTED_EDGE('',*,*,#2816,.T.);
#2816 = EDGE_CURVE('',#845,#1598,#2817,.T.);
#2817 = LINE('',#2818,#2819);
#2818 = CARTESIAN_POINT('',(43.96,49.2,-4.6E-02));
#2819 = VECTOR('',#2820,1.);
#2820 = DIRECTION('',(0.,0.,1.));
#2821 = ORIENTED_EDGE('',*,*,#1597,.F.);
#2822 = ORIENTED_EDGE('',*,*,#2816,.F.);
#2823 = CYLINDRICAL_SURFACE('',#2824,0.15);
#2824 = AXIS2_PLACEMENT_3D('',#2825,#2826,#2827);
#2825 = CARTESIAN_POINT('',(43.96,49.35,-4.6E-02));
#2826 = DIRECTION('',(-0.,-0.,-1.));
#2827 = DIRECTION('',(-0.,-1.,0.));
#2828 = ADVANCED_FACE('',(#2829),#2840,.F.);
#2829 = FACE_BOUND('',#2830,.T.);
#2830 = EDGE_LOOP('',(#2831,#2832,#2838,#2839));
#2831 = ORIENTED_EDGE('',*,*,#855,.T.);
#2832 = ORIENTED_EDGE('',*,*,#2833,.T.);
#2833 = EDGE_CURVE('',#856,#1609,#2834,.T.);
#2834 = LINE('',#2835,#2836);
#2835 = CARTESIAN_POINT('',(45.06,49.2,-4.6E-02));
#2836 = VECTOR('',#2837,1.);
#2837 = DIRECTION('',(0.,0.,1.));
#2838 = ORIENTED_EDGE('',*,*,#1608,.F.);
#2839 = ORIENTED_EDGE('',*,*,#2833,.F.);
#2840 = CYLINDRICAL_SURFACE('',#2841,0.15);
#2841 = AXIS2_PLACEMENT_3D('',#2842,#2843,#2844);
#2842 = CARTESIAN_POINT('',(45.06,49.35,-4.6E-02));
#2843 = DIRECTION('',(-0.,-0.,-1.));
#2844 = DIRECTION('',(-0.,-1.,0.));
#2845 = ADVANCED_FACE('',(#2846),#2857,.F.);
#2846 = FACE_BOUND('',#2847,.T.);
#2847 = EDGE_LOOP('',(#2848,#2849,#2855,#2856));
#2848 = ORIENTED_EDGE('',*,*,#866,.T.);
#2849 = ORIENTED_EDGE('',*,*,#2850,.T.);
#2850 = EDGE_CURVE('',#867,#1620,#2851,.T.);
#2851 = LINE('',#2852,#2853);
#2852 = CARTESIAN_POINT('',(44.51,49.75,-4.6E-02));
#2853 = VECTOR('',#2854,1.);
#2854 = DIRECTION('',(0.,0.,1.));
#2855 = ORIENTED_EDGE('',*,*,#1619,.F.);
#2856 = ORIENTED_EDGE('',*,*,#2850,.F.);
#2857 = CYLINDRICAL_SURFACE('',#2858,0.15);
#2858 = AXIS2_PLACEMENT_3D('',#2859,#2860,#2861);
#2859 = CARTESIAN_POINT('',(44.51,49.9,-4.6E-02));
#2860 = DIRECTION('',(-0.,-0.,-1.));
#2861 = DIRECTION('',(-0.,-1.,0.));
#2862 = ADVANCED_FACE('',(#2863),#2874,.F.);
#2863 = FACE_BOUND('',#2864,.T.);
#2864 = EDGE_LOOP('',(#2865,#2866,#2872,#2873));
#2865 = ORIENTED_EDGE('',*,*,#877,.T.);
#2866 = ORIENTED_EDGE('',*,*,#2867,.T.);
#2867 = EDGE_CURVE('',#878,#1631,#2868,.T.);
#2868 = LINE('',#2869,#2870);
#2869 = CARTESIAN_POINT('',(66.5,58.9,-4.6E-02));
#2870 = VECTOR('',#2871,1.);
#2871 = DIRECTION('',(0.,0.,1.));
#2872 = ORIENTED_EDGE('',*,*,#1630,.F.);
#2873 = ORIENTED_EDGE('',*,*,#2867,.F.);
#2874 = CYLINDRICAL_SURFACE('',#2875,1.6);
#2875 = AXIS2_PLACEMENT_3D('',#2876,#2877,#2878);
#2876 = CARTESIAN_POINT('',(66.5,60.5,-4.6E-02));
#2877 = DIRECTION('',(-0.,-0.,-1.));
#2878 = DIRECTION('',(-0.,-1.,0.));
#2879 = ( GEOMETRIC_REPRESENTATION_CONTEXT(3) 
GLOBAL_UNCERTAINTY_ASSIGNED_CONTEXT((#2883)) 
GLOBAL_UNIT_ASSIGNED_CONTEXT((#2880,#2881,#2882)) REPRESENTATION_CONTEXT
('Context #1','3D Context with UNIT and UNCERTAINTY') );
#2880 = ( LENGTH_UNIT() NAMED_UNIT(*) SI_UNIT(.MILLI.,.METRE.) );
#2881 = ( NAMED_UNIT(*) PLANE_ANGLE_UNIT() SI_UNIT($,.RADIAN.) );
#2882 = ( NAMED_UNIT(*) SI_UNIT($,.STERADIAN.) SOLID_ANGLE_UNIT() );
#2883 = UNCERTAINTY_MEASURE_WITH_UNIT(LENGTH_MEASURE(1.E-07),#2880,
  'distance_accuracy_value','confusion accuracy');
#2884 = CONTEXT_DEPENDENT_SHAPE_REPRESENTATION(#2885,#2887);
#2885 = ( REPRESENTATION_RELATIONSHIP('','',#32,#10) 
REPRESENTATION_RELATIONSHIP_WITH_TRANSFORMATION(#2886) 
SHAPE_REPRESENTATION_RELATIONSHIP() );
#2886 = ITEM_DEFINED_TRANSFORMATION('','',#11,#15);
#2887 = PRODUCT_DEFINITION_SHAPE('Placement','Placement of an item',
  #2888);
#2888 = NEXT_ASSEMBLY_USAGE_OCCURRENCE('1','=>[0:1:1:2]','',#5,#27,$);
#2889 = PRODUCT_RELATED_PRODUCT_CATEGORY('part',$,(#29));
#2890 = MECHANICAL_DESIGN_GEOMETRIC_PRESENTATION_REPRESENTATION('',(
    #2891),#2879);
#2891 = STYLED_ITEM('color',(#2892),#33);
#2892 = PRESENTATION_STYLE_ASSIGNMENT((#2893));
#2893 = SURFACE_STYLE_USAGE(.BOTH.,#2894);
#2894 = SURFACE_SIDE_STYLE('',(#2895));
#2895 = SURFACE_STYLE_FILL_AREA(#2896);
#2896 = FILL_AREA_STYLE('',(#2897));
#2897 = FILL_AREA_STYLE_COLOUR('',#2898);
#2898 = COLOUR_RGB('',0.277846546019,0.304117213465,0.349849897762);
ENDSEC;
END-ISO-10303-21;
